"ui_resources";"1.0";;;;;;;;;;;;;;;;;
# version : 6.0.0
"object_id";"text:is_adult";"text[eng]:label";"text[fre]:label";"text[dut]:label";"text[ger-CHE]:label";"text[fre-CHE]:label";"text[ita-CHE]:label";"text[ger-DEU]:label";"text[tur]:label";"text[eng-IRL]:label";"text[ger.AUT]:label";"text[nno]:label";"text[swe]:label";"text[hun]:label";"text[pol]:label";"text[cze]:label";"text[slo]:label";"text[rum]:label"
"adult_content_alternative";"X";"adult";"Erotique";"erotiek";"Erotik";"Erotique";"erotico";;"erotik";;"Erotik";"erotikk";"erotik";"Erotika";"erotyka";"Erotika";"Erotika";"adult"
"programme_genre/DVB/1";;"MOVIE";"FILMS";"SPEELFILM";"SPIELFILME";"FILMS";"FILM";"SPIELFILME";"FİLM";"MOVIE";"SPIELFILME";"film";"film";"Film";"film";"Film";"Film";"film"
"programme_genre/DVB/2";;"NEWS";"INFORMATIONS";"NIEUWS";"NACHRICHTEN";"INFORMATIONS";"NOTIZIE";"NACHRICHTEN";"HABERLER";"NEWS";"NACHRICHTEN";"nyheter";"nyheter";"Hírek";"wiadomości";"Zprávy";"Správy";"stiri"
"programme_genre/DVB/3";;"VARIETY & GAME SHOWS";"SPECTACLES/ÉMISSION DE JEU";"SHOW & SPELSHOW";"SHOWS & GAME SHOWS";"SPECTACLES & JEUX TV";"SPETTACOLI/QUIZ TV";"SHOWS & GAME SHOWS";"VARYETE VE YARIŞMALAR";"VARIETY & GAME SHOWS";"SHOWS/GAME SHOW";"show/konkurranse";"tv-show";"Vetélkedő";"rozrywka";"Show";"Show";"spectacol/concurs"
"programme_genre/DVB/4";;"SPORT";"SPORT";"SPORT";"SPORT";"SPORT";"SPORT";"SPORT";"SPOR";"SPORT";"SPORT";"sport";"sport";"Sport";"sport";"Sport";"Šport";"sport"
"programme_genre/DVB/5";;"KIDS & YOUTH";"ENFANTS/JEUNESSE";"KIDS & JEUGD";"KINDER/JUGEND";"ENFANTS & JEUNESSE";"BAMBINI & RAGAZZI";"KINDER/JUGEND";"ÇOCUKLAR VE GENÇLİK";"KIDS & YOUTH";"KINDER/JUGEND";"barn/ungdom";"barn/ungdomar";"Gyermek/Ifjúsági";"dzieci i młodzież";"Dětský/Mládežnický";"Detský/Mládežnícky";"copii/tineret"
"programme_genre/DVB/6";;"MUSIC & DANCE";"MUSIQUE/DANSE";"MUZIEK & DANS";"MUSIK & TANZ";"MUSIQUE & DANSE";"MUSICA & DANZA";"MUSIK & TANZ";"MÜZİK VE DANS";"MUSIC & DANCE";"MUSIK/TANZ";"musikk/dans";"musik/dans";"Zene/Tánc";"muzyka";"Hudba/Tanec";"Hudba/Tanec";"muzica/dans"
"programme_genre/DVB/7";;"ARTS & CULTURE";"ARTS/CULTURE";"KUNST & CULTUUR";"KUNST & KULTUR";"ARTS & CULTURE";"ARTE & CULTURA";"KUNST & KULTUR";"SANAT VE KÜLTÜR";"ARTS & CULTURE";"KUNST/KULTUR";"kunst/kultur";"konst/kultur";"Művészet/Kultúra";"kultura";"Umění/Kultura";"Umenie/Kultúra";"arta/cultura"
"programme_genre/DVB/8";;"CURRENT AFFAIRS";"POLITIQUE/ÉCONOMIE";"MAATSCHAPPIJ";"POLITIK/WIRTSCHAFT ";"POLITIQUE & ÉCONOMIE";"POLITICA & ECONOMIA ";"POLITIK/WIRTSCHAFT ";"GÜNLÜK GELİŞMELER";"CURRENT AFFAIRS";"POLITIK/WIRTSCHAFT ";"samfunn/politikk";"samhälle/politik";"Társadalmi/Politikai";"publicystyka";"Společnost/Politika";"Spoločnosť/Politika";"social/politic"
"programme_genre/DVB/9";;"EDUCATIONAL";"EDUCATIF";"EDUCATIE";"BILDUNG";"EDUCATIF";"EDUCAZIONE";"BILDUNG";"EĞİTİM";"EDUCATIONAL";"BILDUNG";"utdannelse";"utbildning";"Oktatási";"edukacja";"Vzdělávací";"Vzdelávací";"educational"
"programme_genre/DVB/10";;"LEISURE";"LOISIRS";"VRIJE TIJD";"FREIZEIT";"LOISIRS";"TEMPO LIBERO";"FREIZEIT";"EĞLENCE";"LEISURE";"FREIZEIT";"fritid";"fritid";"Szabadidő";"czas wolny";"Volný čas";"Voľný čas";"relaxare"
"programme_genre/DVB/11";;"SPECIAL";"SPÉCIAL";"SPECIAAL";"SPECIALS";"SPÉCIAL";"SERVIZI SPECIALI";"SPECIALS";"ÖZEL";"SPECIAL";"SPECIALS";"spesielt";"special";"Különleges";"specjalne";"Zvláštní vydání";"Zvláštene vydanie";"special"
"programme_genre/DVB/12";;"ENTERTAINMENT";;"ENTERTAINMENT";"UNTERHALTUNG";"DIVERTISSEMENTS";"INTRATTENIMENTO";"UNTERHALTUNG";"EĞLENCE";"ENTERTAINMENT";" ";" ";" ";" ";" ";" ";" ";" "
"programme_genre/DVB/13";;"CRIME";;"MISDAAD";"KRIMI";"POLICIER";"POLIZIESCO";"KRIMI";"SUÇ";"CRIME";" ";" ";" ";" ";" ";" ";" ";" "
"programme_genre/DVB/14";;"TV SERIES";"DRAME";"DRAMA";"TV-SERIEN";"SÉRIES TV";"SERIE TV";"TV-SERIEN";"TV DİZİLERİ";"TV SERIES";"DRAMA";"drama";"drama";"Dráma";"dramat";"Drama";"Dráma";"drama"
"programme_genre/DVB/15";"X";"ADULT";"EROTIQUE";"EROTIEK";"EROTIK";"EROTIQUE";"EROTICO";"EROTIK";"EROTİK";"ADULT";"EROTIK";"erotikk";"erotik";"Erotika";"erotyka";"Erotika";"Erotika";"adult"
"programme_genre/DVB/0.1";;"MOVIE";"FILMS";"SPEELFILM";"SPIELFILME";"FILMS";"FILM";"SPIELFILME";"FİLM";"MOVIE";"SPIELFILME";"film";"film";"Film";"film";"Film";"Film";"film"
"programme_genre/DVB/0.2";;"NEWS";"INFORMATIONS";"NIEUWS";"NACHRICHTEN";"INFORMATIONS";"NOTIZIE";"NACHRICHTEN";"HABERLER";"NEWS";"NACHRICHTEN";"nyheter";"nyheter";"Hírek";"wiadomości";"Zprávy";"Správy";"stiri"
"programme_genre/DVB/0.3";;"SHOW/GAME SHOW";"SPECTACLES/ÉMISSION DE JEU";"SHOW & SPELSHOW";"SHOWS/GAME SHOW";"SPECTACLES & ÉMISSION DE JEU";"SPETTACOLI & GIOCO A PREMI";"SHOWS/GAME SHOW";"ŞOV/YARIŞMA";"SHOW/GAME SHOW";"SHOWS/GAME SHOW";"show/konkurranse";"tv-show";"Vetélkedő";"rozrywka";"Show";"Show";"spectacol/concurs"
"programme_genre/DVB/0.4";;"SPORTS";"SPORT";"SPORT";"SPORT";"SPORT";"SPORT";"SPORT";"SPOR";"SPORTS";"SPORT";"sport";"sport";"Sport";"sport";"Sport";"Šport";"sport"
"programme_genre/DVB/0.5";;"KIDS & YOUTH";"ENFANTS/JEUNESSE";"KIDS & JEUGD";"KINDER & JUGEND";"ENFANTS & JEUNESSE";"BAMBINI & RAGAZZI";"KINDER & JUGEND";"ÇOCUKLAR VE GENÇLİK";"KIDS & YOUTH";"KINDER/JUGEND";"barn/ungdom";"barn/ungdomar";"Gyermek/Ifjúsági";"dzieci i młodzież";"Dětský/Mládežnický";"Detský/Mládežnícky";"copii/tineret"
"programme_genre/DVB/0.6";;"MUSIC & DANCE";"MUSIQUE/DANSE";"MUZIEK & DANS";"MUSIK & TANZ";"MUSIQUE & DANSE";"MUSICA & DANZA";"MUSIK & TANZ";"MÜZİK VE DANS";"MUSIC & DANCE";"MUSIK/TANZ";"musikk/dans";"musik/dans";"Zene/Tánc";"muzyka";"Hudba/Tanec";"Hudba/Tanec";"muzica/dans"
"programme_genre/DVB/0.7";;"ARTS & CULTURE";"ARTS/CULTURE";"KUNST & CULTUUR";"KUNST & KULTUR";"ARTS & CULTURE";"ARTE & CULTURA";"KUNST & KULTUR";"SANAT VE KÜLTÜR";"ARTS & CULTURE";"KUNST/KULTUR";"kunst/kultur";"konst/kultur";"Művészet/Kultúra";"kultura";"Umění/Kultura";"Umenie/Kultúra";"arta/cultura"
"programme_genre/DVB/0.8";;"SOCIAL & POLITICAL";"POLITIQUE/ÉCONOMIE";"MAATSCHAPPIJ";"POLITIK & WIRTSCHAFT ";"POLITIQUE & ÉCONOMIE";"POLITICA & ECONOMIA ";"POLITIK & WIRTSCHAFT ";"SOSYAL VE POLİTİK";"SOCIAL & POLITICAL";"POLITIK/WIRTSCHAFT ";"samfunn/politikk";"samhälle/politik";"Társadalmi/Politikai";"publicystyka";"Společnost/Politika";"Spoločnosť/Politika";"social/politic"
"programme_genre/DVB/0.9";;"EDUCATIONAL";"EDUCATIF";"EDUCATIE";"BILDUNG";"EDUCATIF";"EDUCAZIONE";"BILDUNG";"EĞİTİM";"EDUCATIONAL";"BILDUNG";"utdannelse";"utbildning";"Oktatási";"edukacja";"Vzdělávací";"Vzdelávací";"educational"
"programme_genre/DVB/0.10";;"LEISURE";"LOISIRS";"VRIJE TIJD";"FREIZEIT";"LOISIRS";"TEMPO LIBERO";"FREIZEIT";"EĞLENCE";"LEISURE";"FREIZEIT";"fritid";"fritid";"Szabadidő";"czas wolny";"Volný čas";"Voľný čas";"relaxare"
"programme_genre/DVB/0.11";;"SPECIAL";"SPÉCIAL";"SPECIAL";"SPECIALS";"SPÉCIAL";"SERVIZI SPECIALI";"SPECIALS";"ÖZEL";"SPECIAL";"SPECIALS";"spesielt";"special";"Különleges";"specjalne";"Zvláštní vydání";"Zvláštene vydanie";"special"
"programme_genre/DVB/0.12";;"ENTERTAINMENT";;"ENTERTAINMENT";"UNTERHALTUNG";"DIVERTISSEMENTS";"INTRATTENIMENTO";"UNTERHALTUNG";"EĞLENCE";"ENTERTAINMENT";" ";" ";" ";" ";" ";" ";" ";" "
"programme_genre/DVB/0.13";;"CRIME";;"MISDAAD";"KRIMI";"POLICIER";"POLIZIESCO";"KRIMI";"SUÇ";"CRIME";" ";" ";" ";" ";" ";" ";" ";" "
"programme_genre/DVB/0.14";;"DRAMA";"DRAME";"DRAMA";"DRAMA";"DRAME";"DRAMMATICO";"DRAMA";"DRAM";"DRAMA";"DRAMA";"drama";"drama";"Dráma";"dramat";"Drama";"Dráma";"drama"
"programme_genre/DVB/0.15";"X";"ADULT";"EROTIQUE";"EROTIEK";"EROTIK";"EROTIQUE";"EROTICO";"EROTIK";"EROTİK";"ADULT";"EROTIK";"erotikk";"erotik";"Erotika";"erotyka";"Erotika";"Erotika";"adult"
"programme_genre/DVB/1.0";;"MOVIE";"FILM";"SPEELFILM";"SPIELFILM";"FILM";"FILM";"SPIELFILM";"FİLM";"MOVIE";"SPIELFILM";"film";"film";"Játékfilm";"film";"Film";"Film";"film"
"programme_genre/DVB/1.1";;"THRILLER";"THRILLER";"THRILLER";"THRILLER";"THRILLER";"THRILLER";"THRILLER";"POLİSİYE";"THRILLER";"THRILLER";"thriller";"thriller";"Thriller";"thriller";"Thriller";"Thriller";"thriller"
"programme_genre/DVB/1.2";;"ADVENTURE";"FILM D'AVENTURE";"AVONTUUR";"ABENTEUER";"FILM D'AVENTURE";"AVVENTUROSO";"ABENTEUER";"MACERA";"ADVENTURE";"ABENTEUER";"opplevelser";"äventyr";"Kalandfilm";"przygoda";"Dobrodružný film";"Dobrodružný film";"aventura"
"programme_genre/DVB/1.3";;"SCI-FI";"SCI-FI";"SCI-FI";"SCI-FI";"SCI-FI";"FANTASCIENZA";"SCI-FI";"BİLİM KURGU";"SCI-FI";"SCI-FI";"sci-fi";"science fiction";"Sci-fi";"sci-fi/horror";"Sci-fi/Horor";"Sci-fi/Horor";"sci-fi"
"programme_genre/DVB/1.4";;"COMEDY";"COMÉDIE";"KOMEDIE";"KOMÖDIE";"COMÉDIE";"COMMEDIA";"KOMÖDIE";"KOMEDİ";"COMEDY";"KOMÖDIE";"komedier";"komedi";"Vígjáték";"komedia";"Komedie";"Komédia";"comedie"
"programme_genre/DVB/1.5";;"MELODRAMA";"MÉLODRAME";"MELODRAMA";"MELODRAM";"MÉLODRAME";"MELODRAMMATICO";"MELODRAM";"MELODRAM";"MELODRAMA";"HEIMATFILM";"såpeopera";"såpopera";"Melodráma";"melodramat";"Melodrama";"Melodráma";"melodrama"
"programme_genre/DVB/1.6";;"ROMANCE";"FILM D'AMOUR";"ROMANTIEK";"ROMANCE";"FILM D'AMOUR";"SENTIMENTALE";"ROMANCE";"ROMANTİK";"ROMANCE";"ROMANCE";"romantikk";"romantik";"Romantikus film";"obyczajowy";"Romantika";"Romantika";"romance"
"programme_genre/DVB/1.7";;"DRAMA";"DRAME";"DRAMA";"DRAMA";"DRAME";"DRAMMATICO";"DRAMA";"DRAM";"DRAMA";"DRAMA";"drama";"drama";"Dráma";"dramat";"Drama";"Dráma";"drama"
"programme_genre/DVB/1.8";"X";"ADULT";"EROTIQUE";"EROTIEK";"EROTIK";"EROTIQUE";"EROTICO";"EROTIK";"EROTİK";"ADULT";"EROTIK";"erotikk";"erotik";"Erotika";"erotyka";"Erotika";"Erotika";"adult"
"programme_genre/DVB/1.9";;"ACTION";"ACTIE";"ACTIE";"ACTION";"AZIONE";"ACTION";"ACTION";"AKSİYON";"ACTION";" ";" ";" ";" ";" ";" ";" ";" "
"programme_genre/DVB/1.10";;"FAMILY";;"FAMILIE";"FAMILIE";"FAMILLE";"FAMIGLIA";"FAMILIE";"AİLE";"FAMILY";;" ";" ";" ";" ";" ";" ";" "
"programme_genre/DVB/1.11";;"WESTERN";"WESTERN";"WESTERN";"WESTERN";"WESTERN";"WESTERN";"WESTERN";"WESTERN";"WESTERN";" ";" ";" ";" ";" ";" ";" ";" "
"programme_genre/DVB/1.12";;"HISTORICAL";"HISTORISCH";"HISTORISCH";"HISTOIRE";"STORICO";"GESCHICHTE";"HISTOIRE";"TARİHİ";"HISTORICAL";" ";" ";" ";" ";" ";" ";" ";" "
"programme_genre/DVB/1.13";;"HORROR";"HORROR";"HORROR";"HORREUR";"HORROR";"HORROR";"HORREUR";"KORKU";"HORROR";" ";" ";" ";" ";" ";" ";" ";" "
"programme_genre/DVB/1.14";;"WORLD CINEMA";"WORLD CINEMA";"WORLD CINEMA";"WELTKINO";"CINEMA DU MONDE";"CINEMA INTERNAZIONALE";"WELTKINO";"DÜNYA SİNEMASI";"WORLD CINEMA";" ";" ";" ";" ";" ";" ";" ";" "
"programme_genre/DVB/1.15";;"MUSICAL";"MUSICAL";"MUSICAL";"COMÉDIE MUSICALE";"MUSICAL";"MUSICAL";"COMÉDIE MUSICALE";"MÜZİKAL";"MUSICAL";"MUSICAL";"musikal";"musikal";"Musical";"musical";"Muzikál";"Muzikál";"musical"
"programme_genre/DVB/2.0";;"NEWS";"INFORMATIONS ";"NIEUWS";"NACHRICHTEN ";"INFORMATIONS ";"NOTIZIE ";"NACHRICHTEN ";"HABERLER";"NEWS";"NACHRICHTEN ";"nyheter";"nyheter";"Hírek";"wiadomości";"Zprávy";"Správy";"stiri"
"programme_genre/DVB/2.1";;"WEATHER";"MÉTÉO";"WEER";"WETTER";"MÉTÉO";"METEO";"WETTER";"HAVA DURUMU";"WEATHER";"WETTER";"været";"väder";"Időjárás";"pogoda";"Zprávy/Počasí";"Správy/Pošasie";"meteo"
"programme_genre/DVB/2.2";;"NEWS MAGAZINE";"MAGAZINE D'INFOS";"ACTUALITEITEN";"MAGAZIN";"MAGAZINE D'INFOS";"RIVISTA";"MAGAZIN";"MAGAZİN HABERLERİ";"NEWS MAGAZINE";"MAGAZIN";"nyhetsmagasin";"nyhetsmagasin";"Hírmagazin";"program informacyjny";"Zpravodejství";"Spravodajstvo";"magazin de stiri"
"programme_genre/DVB/2.3";;"DOCUMENTARY";"DOCUMENTAIRES";"DOCUMENTAIRE";"DOKUMENTATION";"DOCUMENTAIRES";"DOCUMENTARIO";"DOKUMENTATION";"BELGESEL";"DOCUMENTARY";"DOKUMENTATION";"dokumentar";"dokumentär";"Ismeretterjesztő";"dokument";"Dokument";"Dokument";"documentar"
"programme_genre/DVB/2.4";;"DISCUSSION";"DÉBAT";"DISCUSSIE";"TALK";"DÉBAT";"TALK SHOW";"TALK";"TARTIŞMA";"DISCUSSION";"TALK";"debatt";"diskussion";"Vitaműsor";"debata";"Diskuse";"Diskusia";"talk-show"
"programme_genre/DVB/2.5";;"BOULEVARD";;"BOULEVARD";"BOULEVARD ";"BOULEVARD ";"BOULEVARD ";"BOULEVARD ";"BULVAR";"BOULEVARD";" ";" ";" ";" ";" ";" ";" ";" "
"programme_genre/DVB/2.6";;"BREAKING NEWS";;"BREAKING NEWS";"SONDERSENDUNG";"EMISSION SPÉCIALE";"TRASMISSIONE SPECIALE";"SONDERSENDUNG";"SON DAKİKA";"BREAKING NEWS";" ";" ";" ";" ";" ";" ";" ";" "
"programme_genre/DVB/2.7";;"INTERACTIVE";;"INTERACTIEF";"INTERACTIVE";"INTERACTIF";"INTERATTIVO";"INTERACTIVE";"İNTERAKTİF";"INTERACTIVE";" ";" ";" ";" ";" ";" ";" ";" "
"programme_genre/DVB/2.8";;"WAR";;"OORLOG";"KRIEG";"GUERRE";"GUERRA";"KRIEG";"SAVAŞ";"WAR";" ";" ";" ";" ";" ";" ";" ";" "
"programme_genre/DVB/2.9";;"FANTASY";;"FANTASIE";"FANTASY";"FANTASTIQUE";"FANTASTICO";"FANTASY";"FANTAZİ";"FANTASY";" ";" ";" ";" ";" ";" ";" ";" "
"programme_genre/DVB/2.10";;"ANIMATION";;"ANIMATIE";"ANIMATION";"ANIMATION";"ANIMAZIONI";"ANIMATION";"ANİMASYON";"ANIMATION";" ";" ";" ";" ";" ";" ";" ";" "
"programme_genre/DVB/2.11";;"MARTIAL ARTS";;"VECHTSPORTEN";"KAMPFKUNST";"ARTS MARTIAUX";"ARTI MARZIALI";"KAMPFKUNST";"DÖVÜŞ SANATLARI";"MARTIAL ARTS";" ";" ";" ";" ";" ";" ";" ";" "
"programme_genre/DVB/2.12";;"BLACK COMEDY";;"ZWARTE HUMOR";"SCHWARZE KOMÖDIE";"HUMOUR NOIR ";"NOIR";"SCHWARZE KOMÖDIE";"KARA KOMEDİ";"BLACK COMEDY";" ";" ";" ";" ";" ";" ";" ";" "
"programme_genre/DVB/2.13";;"CULT";;"CULT";"KULT";"FILM CULTE";"CULT";"KULT";"KÜLT";"CULT";" ";" ";" ";" ";" ";" ";" ";" "
"programme_genre/DVB/2.14";;"EROTIC";;"EROTISCH";"EROTIK";"EROTIQUE";"EROTICO";"EROTIK";"EROTİK";"EROTIC";" ";" ";" ";" ";" ";" ";" ";" "
"programme_genre/DVB/2.15";;"ARRIVO";;"ARRIVO";"ARRIVO";"ARRIVO";"ARRIVO";"ARRIVO";"ARRIVO";"ARRIVO";"ARRIVO";"arrivo";;"arrivo";;;"arrivo";" "
"programme_genre/DVB/3.0";;"SHOWS & GAME SHOWS";"SPECTACLES/ÉMISSION DE JEU";"SHOW & SPELSHOW";"SHOWS & GAME SHOWS";"SPECTACLES & ÉMISSION DE JEU";"SPETTACOLI & GIOCO A PREMI";"SHOWS & GAME SHOWS";"ŞOVLAR VE YARIŞMALAR";"SHOWS & GAME SHOWS";"SHOW";"show";"show";"Show";"program rozrywkowy";"Show";"Show";"spectacol"
"programme_genre/DVB/3.1";;"GAME SHOW";"EMISSION DE JEU";"SPELSHOW";"GAME SHOW";"EMISSION DE JEU";"GIOCO A PREMI";"GAME SHOW";"YARIŞMA";"GAME SHOW";"GAMESHOWS";"spørrelek";"frågesport";"Vetélkedő";"teleturniej";"Hra";"Hra";"concurs"
"programme_genre/DVB/3.2";;"VARIETY SHOW";"SPECTACLE DE VARIÉTÉS";"VARIÉTÉ";"UNTERHALTUNGSSHOW";"SPECTACLE DE VARIÉTÉS";"INTRATTENIMENTO";"UNTERHALTUNGSSHOW";"VARYETE ŞOVU";"VARIETY SHOW";"UNTERHALTUNG";"variete";"underhållningsshow";"Varietéműsor";"verieté";"Verieté";"Varieté";"varietati"
"programme_genre/DVB/3.3";;"TALK SHOW";"TALK-SHOW";"TALKSHOW";"TALK SHOW";"TALK-SHOW";"TALK SHOW";"TALK SHOW";"TALK SHOW";"TALK SHOW";"TALK-SHOW";"talk show";"talkshow";"Talk-show";"talk show";"Talk-show";"Talk-show";"talk show"
"programme_genre/DVB/3.4";;"QUIZ SHOW";;"QUIZ PROGRAMMA";"QUIZ SHOW";"QUIZ";"QUIZ";"QUIZ SHOW";"BİLGİ YARIŞMASI";"QUIZ SHOW";" ";" ";" ";" ";" ";" ";" ";" "
"programme_genre/DVB/3.5";;"PARTNER SHOW";;"PARTNER PROGRAMMA";"PARTNER SHOW";"EMISSION DE COUPLES";"PARTNER SHOW";"PARTNER SHOW";"EVLİLİK ŞOVU";"PARTNER SHOW";" ";" ";" ";" ";" ";" ";" ";" "
"programme_genre/DVB/3.6";;"REALITY SHOW";;"REALITY PROGRAMMA";"REALITY SHOW";"TÉLÉRÉALITÉ";"REALITY";"REALITY SHOW";"REALITY SHOW";"REALITY SHOW";" ";" ";" ";" ";" ";" ";" ";" "
"programme_genre/DVB/3.7";;"FORMULA 1";;"FORMULE 1";"FORMEL 1";"FORMULE 1";"FORMULA 1";"FORMEL 1";"FORMULA 1";"FORMULA 1";" ";" ";" ";" ";" ";" ";" ";" "
"programme_genre/DVB/3.8";;"CHAMPIONSHIP LEAGUE";;"CHAMPIONSHIP LEAGUE";"CHAMPIONS LEAGUE";"LIGUE DES CHAMPIONS ";"CHAMPIONS LEAGUE";"CHAMPIONS LEAGUE";"CHAMPIONSHIP LEAGUE";"CHAMPIONSHIP LEAGUE";" ";" ";" ";" ";" ";" ";" ";" "
"programme_genre/DVB/3.9";;"ROMANTIC COMEDY ";;"ROMANTISCHE KOMEDIE";"ROMANTIK/KOMÖDIE";"COMÉDIE ROMANTIQUE";"ROMANTICO/COMMEDIA";"ROMANTIK/KOMÖDIE";"ROMANTİK KOMEDİ ";"ROMANTIC COMEDY ";" ";" ";" ";" ";" ";" ";" ";" "
"programme_genre/DVB/3.10";;"ACTION/COMEDY";;"ACTIE/KOMEDIE";"ACTION/KOMÖDIE";"ACTION/COMÉDIE";"AZIONE/COMMEDIA";"ACTION/KOMÖDIE";"AKSİYON/KOMEDİ";"ACTION/COMEDY";" ";" ";" ";" ";" ";" ";" ";" "
"programme_genre/DVB/3.11";;"ACTION/THRILLER";;"ACTIE/THRILLER";"ACTION/THRILLER";"ACTION/THRILLER";"AZIONE/THRILLER";"ACTION/THRILLER";"AKSİYON/POLİSİYE";"ACTION/THRILLER";" ";" ";" ";" ";" ";" ";" ";" "
"programme_genre/DVB/3.12";;"ACTION/WAR ";;"ACTIE/OORLOG";"KRIEG/ACTION";"GUERRE/ACTION";"GUERRA/AZIONE";"KRIEG/ACTION";"AKSİYON/SAVAŞ ";"ACTION/WAR ";" ";" ";" ";" ";" ";" ";" ";" "
"programme_genre/DVB/3.13";;"ADVENTURE/ACTION ";;"AVONTUUR/ACTIE";"ABENTEUER/ACTION";"AVENTURE/ACTION";"AVVENTURA/AZIONE";"ABENTEUER/ACTION";"MACERA/AKSİYON ";"ADVENTURE/ACTION ";" ";" ";" ";" ";" ";" ";" ";" "
"programme_genre/DVB/3.14";;"ACTION/ADVENTURE";;"ACTIE/AVONTUUR";"ACTION/ABENTEUER";"ACTION/AVENTURE";"AZIONE/AVVENTURA";"ACTION/ABENTEUER";"AKSİYON/MACERA";"ACTION/ADVENTURE";" ";" ";" ";" ";" ";" ";" ";" "
"programme_genre/DVB/4.0";;"SPORT";"SPORT";"SPORT";"SPORT";"SPORT";"SPORT";"SPORT";"SPOR";"SPORT";"SPORT";"sport";"sport";"Sport";"sport";"Sport";"Šport";"sport"
"programme_genre/DVB/4.1";;"SPECIAL EVENT";"EVÉNEMENT SPÉCIAL";"EVENEMENTEN";"SPECIAL EVENT";"EVÉNEMENT SPÉCIAL";"EVENTO SPECIALE";"SPECIAL EVENT";"ÖZEL ETKİNLİK";"SPECIAL EVENT";"SPECIAL EVENT";"Spesielle begivenheter";"speciella händelser";"Különkiadás";"wydarzenie specjalne";"Zvláštní události";"Zvláštne udalosti";"eveniment special"
"programme_genre/DVB/4.2";;"MAGAZINE";"MAGAZINE DE SPORTS";"SPORTMAGAZINE";"SPORT-MAGAZIN";"MAGAZINE DE SPORTS";"PROGRAMMA SPORTIVO";"SPORT-MAGAZIN";"MAGAZİN";"MAGAZINE";"SPORT-MAGAZIN";"sportsmagasin";"sportmagasin";"Magazinműsor";"magazyn";"Magazín";"Magazín";"magazin"
"programme_genre/DVB/4.3";;"FOOTBALL";"FOOTBALL";"VOETBAL";"FUßBALL";"FOOTBALL";"CALCIO";"FUßBALL";"FUTBOL";"FOOTBALL";"FUßBALL";"fotball";"fotboll";"Labdarúgás";"piłka nożna";"Fotbal";"Futbal";"fotbal"
"programme_genre/DVB/4.4";;"TENNIS";"TENNIS/SQUASH";"TENNIS";"TENNIS";"TENNIS";"TENNIS";"TENNIS";"TENİS";"TENNIS";"TENNIS/SQUASH";"tennis/squash";"tennis/squash";"Tenisz/Fallabda";"tenis/squash";"Tenis/Squash";"Tenis/Squash";"tenis/squash"
"programme_genre/DVB/4.5";;"TEAM SPORTS";"SPORT D'ÉQUIPE";"TEAMSPORTEN";"TEAMSPORT";"SPORT D'ÉQUIPE";"SPORT DI SQUADRA";"TEAMSPORT";"TAKIM OYUNLARI";"TEAM SPORTS";"TEAM SPORT";"lagspill";"lagsporter";"Csapatsportok";"sporty drużynowe";"Kolektivní hry";"Kolektívne hry";"sporturi de echipa"
"programme_genre/DVB/4.6";;"ATHLETICS";"ATHLÉTISME";"ATLETIEK";"LEICHTATHLETIK";"ATHLÉTISME";"ATLETICA LEGGERA";"LEICHTATHLETIK";"ATLETİZM";"ATHLETICS";"LEICHTATHLETIK";"friidrett";"friidrott";"Atlétika";"lekkoatletyka";"Atletika";"Atletika";"atletism"
"programme_genre/DVB/4.7";;"MOTOR SPORT";"SPORT AUTO-MOTO";"MOTORSPORT";"MOTORSPORT";"SPORT AUTO-MOTO";"MOTORI";"MOTORSPORT";"MOTOR SPORLARI";"MOTOR SPORT";"MOTORSPORT";"motorsport";"motorsport";"Motorsport";"sporty motorowe";"Motorismus";"Motorizmus";"sport cu motor"
"programme_genre/DVB/4.8";;"WATER SPORT";"SPORTS AQUATIQUES";"WATERSPORT";"WASSERSPORT";"SPORTS AQUATIQUES";"SPORT ACQUATICI";"WASSERSPORT";"SU SPORLARI";"WATER SPORT";"WASSERSPORT";"vannsport";"vattensport";"Vízi sport";"sporty wodne";"Vodní sporty";"Vodné športy";"sport acvatic"
"programme_genre/DVB/4.9";;"WINTER SPORTS";"SPORTS D'HIVER";"WINTERSPORT";"WINTERSPORT";"SPORTS D'HIVER";"SPORT INVERNALI";"WINTERSPORT";"KIŞ SPORLARI";"WINTER SPORTS";"WINTERSPORT";"vintersport";"vintersporter";"Téli sportok";"sporty zimowe";"Zimní sporty";"Zimné športy";"sporturi de iarna"
"programme_genre/DVB/4.10";;"EQUESTRIAN";"EQUITATION";"PAARDENSPORT";"REITSPORT";"EQUITATION";"EQUITAZIONE";"REITSPORT";"BİNİCİLİK";"EQUESTRIAN";"REITSPORT";"hestesport";"ridsport";"Lovassportok";"jeździectwo";"Jezdectví";"Jazdectvo";"hipism"
"programme_genre/DVB/4.11";;"MARTIAL SPORTS";"SPORTS DE COMBAT";"VECHTSPORT";"KAMPFSPORT";"SPORTS DE COMBAT";"SPORT DA COMBATTIMENTO";"KAMPFSPORT";"DÖVÜŞ SANATLARI";"MARTIAL SPORTS";"KAMPFSPORT";"kampsport";"kampsporter";"Harcművészetek";"sporty walki";"Bojová umění";"Bojové umenie";"sporturi martiale"
"programme_genre/DVB/4.12";;"WRESTLING";;"WORSTELEN";"WRESTLING";"LUTTE";"WRESTLING";"WRESTLING";"GÜREŞ";"WRESTLING";;"brottning";;"zapasy";;;"lupte";" "
"programme_genre/DVB/4.13";;"BEACH SPORTS";;"STRANDSPORTEN";"BEACHSPORT";"SPORTS DE PLAGE";"SPORT SULLA SPIAGGIA";"BEACHSPORT";"PLAJ SPORLARI";"BEACH SPORTS";" ";" ";" ";" ";" ";" ";" ";" "
"programme_genre/DVB/4.14";;"BOXING";;"BOKSEN";"BOXEN";"BOXE";"BOX";"BOXEN";"BOKS";"BOXING";" ";" ";" ";" ";" ";" ";" ";" "
"programme_genre/DVB/4.15";;"EXTREME";;"EXTREME";"EXTREMSPORT";"SPORTS EXTRÊMES";"SPORT ESTREMI";"EXTREMSPORT";"EXTREME";"EXTREME";"EXTREMSPORT";"ekstremsport";"extremsport";"Extrém sportok";"sporty ekstremalne";"Extrémní sporty";"Extrémne športy";"extrem"
"programme_genre/DVB/5.0";;"KIDS & YOUTH";"ENFANTS/JEUNESSE";"KIDS & JEUGD";"KIDS & JUGEND";"ENFANTS/JEUNESSE";"BAMBINI/RAGAZZI";"KIDS & JUGEND";"ÇOCUKLAR VE GENÇLİK";"KIDS & YOUTH";"KINDER/JUGEND";"barn/ungdom";"barnprogram";"Gyermek/Ifjúsági";"dla dzieci/młodzieży";"Dětský/Mládežnický";"Detské/Mládežnícke";"copii/tineret"
"programme_genre/DVB/5.1";;"PRE-SCHOOL";"ENFANTS, 0-6";"KIDS 0 - 6";"KIDS, 0-6";"ENFANTS, 0-6";"ETÀ 0-6 ANNI";"KIDS, 0-6";"OKUL ÖNCESİ";"PRE-SCHOOL";"KINDER, 0-6";"barn 0-6";"förskolebarn";"Óvodásoknak";"dla dzieci 0-6 lat";"Vysílání pro školky";"Vysielanie pre škôlky";"prescolari"
"programme_genre/DVB/5.2";;"FOR AGES 6-14";"ENFANTS, 6-14";"JEUGD 6 - 14";"KIDS, 6-14";"ENFANTS, 6-14";"ETÀ 6-14 ANNI";"KIDS, 6-14";"6-14 YAŞLARI İÇİN";"FOR AGES 6-14";"KINDER, 6-14";"barn 6-14";"ålder 6-14 år";"Iskolásoknak (6-14)";"dla widzów 6-14 lat";"Vysílání pro školy (6-14)";"Vysielanie pre školy (6-14)";"pentru 6-14 ani"
"programme_genre/DVB/5.3";;"FOR AGES 10-16";"ENFANTS, 10-16";"JEUGD 10 - 16";"KIDS, 10-16";"ENFANTS, 10-16";"ETÀ 10-16 ANNI";"KIDS, 10-16";"10-16 YAŞLARI İÇİN";"FOR AGES 10-16";"KINDER, 10-16";"barn 10-16";"ålder 10-16 år";"Kamaszoknak (10-16)";"dla widzów 10-16 lat";"Vysílání pro mládež (10-16)";"Vysielanie pre mládež (10-16)";"pentru 10-16 ani"
"programme_genre/DVB/5.5";;"CARTOON";;"TEKENFILMS";"ZEICHENTRICK";"DESSINS ANIMÉS";"CARTONI ANIMATI";"ZEICHENTRICK";"ÇİZGİ FİLM";"CARTOON";"ZEICHENTRICK";"tegnefilmer";"tecknat";"Rajzfilm";"filmy animowane";"Animace";"Animácia";"desene animate"
"programme_genre/DVB/5.6";;"FOR AGES 5-15";;"KIDS 5 - 15";"KIDS, 5-15";"ENFANTS, 5-15";"ETÀ 5-15 ANNI";"KIDS, 5-15";"5-15 YAŞLARI İÇİN";"FOR AGES 5-15";" ";" ";" ";" ";" ";" ";" ";" "
"programme_genre/DVB/5.7";;"FOR AGES 8-12";;"JEUGD 8 - 12";"KIDS, 8-12";"ENFANTS, 8-12";"ETÀ 8-12 ANNI";"KIDS, 8-12";"8-12 YAŞLARI İÇİN";"FOR AGES 8-12";" ";" ";" ";" ";" ";" ";" ";" "
"programme_genre/DVB/5.8";;"TEENS";;"TIENERS";"TEENS";"ADOS";"RAGAZZI E RAGAZZE";"TEENS";"ÇOCUKLAR";"TEENS";" ";" ";" ";" ";" ";" ";" ";" "
"programme_genre/DVB/5.9";;"CHILD SERIES";;"KINDERSERIES";"KINDERSERIE";"SÉRIE POUR ENFANTS";"SERIE PER BAMBINI";"KINDERSERIE";"ÇOCUK DİZİLERİ";"CHILD SERIES";" ";" ";" ";" ";" ";" ";" ";" "
"programme_genre/DVB/5.10";;"KIDS";;"KIDS";"KIDS";"ENFANTS";"BAMBINI E BAMBINE";"KIDS";"ÇOCUKLAR";"KIDS";" ";" ";" ";" ";" ";" ";" ";" "
"programme_genre/DVB/5.11";;"YOUTH";;"JEUGD";"JUGEND";"JEUNESSE";"GIOVANI";"JUGEND";"GENÇLİK";"YOUTH";" ";" ";" ";" ";" ";" ";" ";" "
"programme_genre/DVB/5.12";;"BOYS";;"BOYS";"BUBEN";"GARÇONNETS";"BAMBINI";"BUBEN";"OĞLAN ÇOCUKLARI";"BOYS";" ";" ";" ";" ";" ";" ";" ";" "
"programme_genre/DVB/5.13";;"GIRLS";;"GIRLS";"MÄDCHEN";"FILLETTES";"BAMBINE";"MÄDCHEN";"KIZ ÇOCUKLARI";"GIRLS";" ";" ";" ";" ";" ";" ";" ";" "
"programme_genre/DVB/5.14";;"CHICKS";;"CHICKS";"MÄDELS";"FILLES";"RAGAZZE";"MÄDELS";"KIZLAR";"CHICKS";" ";" ";" ";" ";" ";" ";" ";" "
"programme_genre/DVB/5.15";;"GUYS";;"GUYS";"JUNGS";"GARÇONS";"RAGAZZI";"JUNGS";"OĞLANLAR";"GUYS";"JUNGS";"kiser";"killar";;"chłopaki";;;"tineri"
"programme_genre/DVB/6.0";;"MUSIC";"MUSIQUE";"MUZIEK";"MUSIK";"MUSIQUE";"MUSICA";"MUSIK";"MÜZİK";"MUSIC";"MUSIK/TANZ";"musikk";"musik";"Zene";"muzyka";"Hudba";"Hudba";"muzica"
"programme_genre/DVB/6.1";;"ROCK & POP";"ROCK/POP";"ROCK & POP";"ROCK & POP";"ROCK/POP";"ROCK & POP";"ROCK & POP";"ROCK & POP";"ROCK & POP";"ROCK/POP";"rock/pop";"rock/pop";"Rock/Pop";"rock/pop";"Rock/Pop";"Rock/Pop";"rock/pop"
"programme_genre/DVB/6.2";;"CLASSICAL";"CLASSIQUE";"KLASSIEK";"KLASSIK";"CLASSIQUE";"MUSICA CLASSICA";"KLASSIK";"KLASİK";"CLASSICAL";"KLASSIK";"klassisk";"klassisk";"Klasszikus";"klasyczna";"Klasika";"Klasická hudba";"clasic"
"programme_genre/DVB/6.3";;"FOLK";"MUSIQUE FOLK";"VOLKSMUZIEK";"VOLKSMUSIK";"MUSIQUE FOLK";"MUSICA POPOLARE";"VOLKSMUSIK";"FOLK";"FOLK";"VOLKSMUSIK";"folkemusikk";"folkmusik";"Népzene";"folk";"Lidová muzika";"Ľudová hudba";"folk"
"programme_genre/DVB/6.4";;"JAZZ";"JAZZ";"JAZZ";"JAZZ";"JAZZ";"JAZZ";"JAZZ";"JAZZ";"JAZZ";"JAZZ";"jazz";"jazz";"Jazz";"jazz";"Jazz";"Jazz";"jazz"
"programme_genre/DVB/6.5";;"MUSICAL & OPERA";"COMÉDIE MUSICALE/OPÉRA";"MUSICAL & OPERA";"MUSICAL/OPER";"COMÉDIE MUSICALE/OPÉRA";"MUSICAL & OPERA";"MUSICAL/OPER";"MÜZİKAL VE OPERA";"MUSICAL & OPERA";"MUSICAL/OPER";"musikal/opera";"musikal/opera";"Musical/Opera";"musical/opera";"Muzikál/Opera";"Muzikál/Opera";"musical/opera"
"programme_genre/DVB/6.6";;"BALLET";"BALLET";"BALLET";"BALLET";"BALLET";"DANZA CLASSICA";"BALLET";"BALE";"BALLET";"BALLET";"ballett";"balett";"Balett";"balet";"Balet";"Balet";"balet"
"programme_genre/DVB/6.7";;"OPERA";;"OPERA";"OPER";"OPÉRA";"OPERA";"OPER";"OPERA";"OPERA";" ";" ";" ";" ";" ";" ";" ";" "
"programme_genre/DVB/6.8";;"DANCE/GROOVE";;"DANCE/GROOVE";"DANCE/GROOVE";"DANCE/GROOVE";"DANCE/GROOVE";"DANCE/GROOVE";"DANCE/GROOVE";"DANCE/GROOVE";" ";" ";" ";" ";" ";" ";" ";" "
"programme_genre/DVB/6.9";;"HIP HOP";;"HIP HOP";"HIP-HOP";"HIP-HOP";"HIP HOP";"HIP-HOP";"HIP HOP";"HIP HOP";" ";" ";" ";" ";" ";" ";" ";" "
"programme_genre/DVB/6.10";;"URBAN/R&B";;"URBAN/R&B";"URBAN/R&B";"URBAN/R&B";"URBAN/R&B";"URBAN/R&B";"URBAN/R&B";"URBAN/R&B";" ";" ";" ";" ";" ";" ";" ";" "
"programme_genre/DVB/6.11";;"CONCERT";;"CONCERT";"KONZERT";"CONCERT";"CONCERTO";"KONZERT";"KONSER";"CONCERT";" ";" ";" ";" ";" ";" ";" ";" "
"programme_genre/DVB/6.12";;"MUSIC SPECIAL";;"MUSIC SPECIAL";"MUSIK SPECIAL";"MUSIC SPECIAL";"SPECIAL MUSICALE";"MUSIK SPECIAL";"MÜZİK ÖZEL";"MUSIC SPECIAL";" ";" ";" ";" ";" ";" ";" ";" "
"programme_genre/DVB/6.13";;"COUNTRY & WESTERN";;"COUNTRY & WESTERN";"VOLKSMUSIK";"MUSIQUE FOLK";"MUSICA POPOLARE";"VOLKSMUSIK";"COUNTRY & WESTERN";"COUNTRY & WESTERN";" ";" ";" ";" ";" ";" ";" ";" "
"programme_genre/DVB/6.14";;"SOUL";;"SOUL";"SOUL";"SOUL";"SOUL";"SOUL";"SOUL";"SOUL";" ";" ";" ";" ";" ";" ";" ";" "
"programme_genre/DVB/6.15";;"EASY LISTENING";;"EASY LISTENING";"EASY LISTENING";"EASY LISTENING";"MUSICA LEGGERA";"EASY LISTENING";"KOLAY DİNLENİR";"EASY LISTENING";"EASY LISTENING";"easy listening";"easy listening";;"miłe dla ucha";;;"muzica de auditie"
"programme_genre/DVB/7.0";;"ARTS & CULTURE";"ARTS/CULTURE";"KUNST & CULTUUR";"KUNST & KULTUR";"ARTS & CULTURE";"ARTE & CULTURA";"KUNST & KULTUR";"SANAT VE KÜLTÜR";"ARTS & CULTURE";"KUNST/KULTUR";"kunst/kultur";"konst/kultur";"Művészet/Kultúra";"kultura/sztuka";"Umění/Kultura";"Umenie/Kultúra";"arte/cultura"
"programme_genre/DVB/7.1";;"PERFORMING ARTS";"THÉÂTRE/DANSE";"THEATER & DANS";"DARSTELLENDE KUNST";"THÉÂTRE & DANSE";"TEATRO & DANZA";"DARSTELLENDE KUNST";"GÖRSEL SANATLAR";"PERFORMING ARTS";"DARST. KUNST";"dans/teater";"dans/teater";"Előadóművészet";"sztuki teatralne";"Divadelní představení";"Divadelné predstavenie";"teatru/dans"
"programme_genre/DVB/7.2";;"FINE ARTS";"ARTS PLASTIQUES";"BEELDENDE KUNST";"BILDENDE KUNST";"ARTS PLASTIQUES";"ARTE FIGURATIVA";"BILDENDE KUNST";"GÜZEL SANATLAR";"FINE ARTS";"BILDENDE KUNST";"maling/skulptur";"målning/skulptur";"Képzőművészet";"sztuki piękne";"Výtvarní umění";"Výtvarné umenie";"arte "
"programme_genre/DVB/7.3";;"RELIGION";"RELIGION";"RELIGIE";"RELIGION";"RELIGION";"RELIGIONE";"RELIGION";"DİN";"RELIGION";"RELIGION";"religion";"religion";"Vallás";"religia";"Náboženství";"Náboženstvo";"religie"
"programme_genre/DVB/7.4";;"POPULAR CULTURE";"ARTS POPULAIRES";"POPART";"POPULÄRE KUNST";"ARTS POPULAIRES";"ARTE POPOLARE";"POPULÄRE KUNST";"POPÜLER KÜLTÜR";"POPULAR CULTURE";"POPULÄRE KUNST";"populærkultur";"populärkultur";"Populáris kultúra";"kultura popularna";"Populární kultura";"Populárna kultúra";"cultura populara"
"programme_genre/DVB/7.5";;"LITERATURE";"LITTÉRATURE";"LITERATUUR";"LITERATUR";"LITTÉRATURE";"LETTERATURA";"LITERATUR";"EDEBİYAT";"LITERATURE";"LITERATUR";"litteratur";"litteratur";"Irodalom";"literatura";"Literatura";"Literatúra";"literatura"
"programme_genre/DVB/7.6";;"FILM & CINEMA";"FILM/CINÉMA";"FILM & CINEMA";"FILM & KINO";"FILM & CINÉMA";"FILM & CINEMA";"FILM & KINO";"FİL VE SİNEMA";"FILM & CINEMA";"FILM/KINO";"film/kino";"film/bio";"Film/Mozi";"film/kino";"Film/Kino";"Film/Kino";"film/cinema"
"programme_genre/DVB/7.7";;"EXPERIMENTAL";;"EXPERIMENTEEL";"EXPERIMENTELLES";"EXPÉRIMENTAL";"SPERIMENTALE";"EXPERIMENTELLES";"DENEYSEL";"EXPERIMENTAL";"EXPERIMENTELLES";"eksperimentell";"experimentell";"Kísérleti ";"eksperymentalne";"Experimentální pořad";"Experimentálny program";"experimental"
"programme_genre/DVB/7.8";;"BROADCASTING";;"MEDIA";"MEDIEN/PRESSE";"MÉDIAS/PRESSE";"MEDIA/STAMPA";"MEDIEN/PRESSE";"YAYINCILIK";"BROADCASTING";"MEDIEN/PRESSE";"kringkasting";"media";"Rádió-televízió";"radio/telewizja";"Rádio-televize";"Rádio-televízia";"media"
"programme_genre/DVB/7.9";;"NEW MEDIA";;"NIEUWE MEDIA";"NEUE MEDIEN";"NOUVEAUX MÉDIAS";"NUOVI MEDIA";"NEUE MEDIEN";"YENİ MEDYA";"NEW MEDIA";"NEUE MEDIEN";"nye medier";"nya medier";"New Media";"nowe media";"Média";"Médiá";"media nou"
"programme_genre/DVB/7.10";;"ARTS MAGAZINES";"MAGAZINE D'ARTS";"KUNST MAGAZINE";"KUNST MAGAZIN";"MAGAZINE D'ARTS";"RIVISTA ARTE";"KUNST MAGAZIN";"SANAT DERGİLERİ";"ARTS MAGAZINES";"KUNST MAGAZIN";"kulturmagasin";"kulturmagasin";"Művészeti magazin";"magazyny o sztuce";"Umělecký magazín";"Umelecký magazín";"magazin de arte"
"programme_genre/DVB/7.11";;"FASHION";"MODE";"MODE";"MODE";"MODE";"MODA";"MODE";"MODA";"FASHION";"MODE";"mote";"mode";"Divat";"moda";"Móda";"Móda";"moda"
"programme_genre/DVB/7.12";;"ARCHITECTURE/DESIGN";;"ARCHITECTUUR/DESIGN";"ARCHITEKTUR/DESIGN";"ARCHITECTURE/DESIGN";"ARCHITETTURA/DESIGN";"ARCHITEKTUR/DESIGN";"MİMARİ/TASARIM";"ARCHITECTURE/DESIGN";" ";" ";" ";" ";" ";" ";" ";" "
"programme_genre/DVB/7.13";;"ARTHOUSE";;"ARTHOUSE";"ARTHOUSE";"FILM D'AUTEUR";"FILM D'AUTORE";"ARTHOUSE";"SANAT";"ARTHOUSE";" ";" ";" ";" ";" ";" ";" ";" "
"programme_genre/DVB/7.14";;"PAINTING";;"SCHILDEREN";"MALEREI";"PEINTURE";"PITTURA";"MALEREI";"RESİM";"PAINTING";" ";" ";" ";" ";" ";" ";" ";" "
"programme_genre/DVB/7.15";;"MUSIC";;"MUZIEK";"MUSIK";"MUSIQUE";"MUSICA";"MUSIK";"MÜZİK";"MUSIC";"MUSIK";"musikk";"musik";"Zene";"muzyka";"Hudební pořad";"Hudobný program";"muzica"
"programme_genre/DVB/8.0";;"SOCIAL & POLITICAL";"SOCIAL/POLITIQUE";"MAATSCHAPPELIJK";"SOZIALES & POLITIK";"SOCIAL & POLITIQUE";"SOCIALE & POLITICA";"SOZIALES & POLITIK";"SOSYAL VE POLİTİK";"SOCIAL & POLITICAL";"SOZIALES/POLITIK";"samfunn/politikk";"samhälle/politik";"Társadalmi/Politikai";"publicystyka";"Společnost/Politika";"Spoločnosť/Politika";"social/politic"
"programme_genre/DVB/8.1";;"DOCUMENTARY";;"DOCUMENTAIRE";"DOKUMENTATION";"DOCUMENTAIRES";"DOCUMENTARIO";"DOKUMENTATION";"BELGESEL";"DOCUMENTARY";"DOKUMENTATION";"dokumentar";"dokumentär";"Ismeretterjesztő";"dokument";"Dokument";"Dokument";"documentar"
"programme_genre/DVB/8.2";;"ECONOMICS";"ECONOMIE";"ECONOMIE";"WIRTSCHAFT";"ECONOMIE";"ECONOMIA";"WIRTSCHAFT";"EKONOMİ";"ECONOMICS";"WIRTSCHAFT";"økonomi";"ekonomi";"Gazdasági";"ekonomia";"Hospodářství";"Hospodárstvo";"economie"
"programme_genre/DVB/8.3";;"FAMOUS PEOPLE";"CÉLÉBRITÉS";"BEROEMDHEDEN";"BERÜHMTE LEUTE";"CÉLÉBRITÉS";"PERSONAGGI FAMOSI";"BERÜHMTE LEUTE";"ÜNLÜ KİŞİLER";"FAMOUS PEOPLE";"BERÜHMTE LEUTE";"kjendiser";"kändisar";"Híres emberek";"znani ludzie";"Známé osobnosti";;"personalitati"
"programme_genre/DVB/8.4";;"INTERNATIONAL";;"INTERNATIONAAL";"INTERNATIONALES";"INTERNATIONAL";"INTERNAZIONALE";"INTERNATIONALES";"ULUSLARARASI";"INTERNATIONAL";" ";" ";" ";" ";" ";" ";" ";" "
"programme_genre/DVB/8.5";;"TRAFFIC";;"VERKEER";"VERKEHR";"CIRCULATION";"TRAFFICO";"VERKEHR";"TRAFİK";"TRAFFIC";" ";" ";" ";" ";" ";" ";" ";" "
"programme_genre/DVB/8.6";;"GOVERNMENT";;"OVERHEID";"REGIERUNG";"GOUVERNEMENT";"GOVERNO";"REGIERUNG";"DEVLET";"GOVERNMENT";" ";" ";" ";" ";" ";" ";" ";" "
"programme_genre/DVB/8.7";;"COMMUNITY";;"GEMEENSCHAP";"GEMEINDE";"COMMUNE";"COMUNITÀ";"GEMEINDE";"TOPLUM";"COMMUNITY";" ";" ";" ";" ";" ";" ";" ";" "
"programme_genre/DVB/8.8";;"LOCAL";;"REGIONAAL";"LOKALES";"LOCAL";"LOCALE";"LOKALES";"YEREL";"LOCAL";" ";" ";" ";" ";" ";" ";" ";" "
"programme_genre/DVB/8.9";;"CORPORATE";;"BEDRIJVEN";"UNTERNEHMEN";"ENTREPRISES";"AZIENDA";"UNTERNEHMEN";"KURUMSAL";"CORPORATE";" ";" ";" ";" ";" ";" ";" ";" "
"programme_genre/DVB/8.10";;"REAL WORLD";;"REAL WORLD";"REAL WORLD";"REAL WORLD";"REAL WORLD";"REAL WORLD";"GERÇEK DÜNYA";"REAL WORLD";" ";" ";" ";" ";" ";" ";" ";" "
"programme_genre/DVB/8.11";;"HORROR/THRILLER";;"HORROR/THRILLER";"HORROR/THRILLER";"HORREUR/THRILLER";"HORROR/THRILLER";"HORROR/THRILLER";"KORKU/POLİSİYE";"HORROR/THRILLER";" ";" ";" ";" ";" ";" ";" ";" "
"programme_genre/DVB/8.12";;"COMEDY/ROMANCE ";;"KOMEDIE/ROMANTIEK";"ROMANTIK/KOMÖDIE";"FILM D'AMOUR/COMÉDIE";"ROMANTICO/COMMEDIA";"ROMANTIK/KOMÖDIE";"KOMEDİ/ROMANTİK ";"COMEDY/ROMANCE ";" ";" ";" ";" ";" ";" ";" ";" "
"programme_genre/DVB/8.13";;"COMEDY/ADVENTURE";;"KOMEDIE/AVONTUUR";"KOMÖDIE/ABENTEUER";"COMÉDIE/AVENTURE";"COMMEDIA/AVVENTURA";"KOMÖDIE/ABENTEUER";"KOMEDİ/MACERA";"COMEDY/ADVENTURE";" ";" ";" ";" ";" ";" ";" ";" "
"programme_genre/DVB/8.14";;"COMEDY/DRAMA";;"KOMEDIE/DRAMA";"KOMÖDIE/DRAMA";"COMÉDIE/DRAME";"COMMEDIA/DRAMMATICO";"KOMÖDIE/DRAMA";"KOMEDİ/DRAM";"COMEDY/DRAMA";" ";" ";" ";" ";" ";" ";" ";" "
"programme_genre/DVB/8.15";;"BLACK COMEDY";;"ZWARTE KOMEDIE";"SCHWARZE KOMÖDIE";"HUMOUR NOIR";"NOIR";"SCHWARZE KOMÖDIE";"KARA KOMEDİ";"BLACK COMEDY";"SCHWARZE KOMÖDIE";"svart komedie";"svart komedi";;"czarna komedia";;;"umor negru"
"programme_genre/DVB/9.0";;"EDUCATIONAL";"EDUCATIF";"EDUCATIE";"BILDUNG";"EDUCATIF";"EDUCAZIONE";"BILDUNG";"EĞİTİM";"EDUCATIONAL";"WISSENSCHAFT";"utdanning";"utbildning";"Oktatási";"edukacyjny";"Vzdělávací";"Vzdelávací";"educational"
"programme_genre/DVB/9.1";;"NATURE";"NATURE";"NATUUR";"NATUR";"NATURE";"NATURA";"NATUR";"DOĞA";"NATURE";"NATUR";"natur";"natur";"Természet";"przyroda";"Příroda";"Príroda";"natura"
"programme_genre/DVB/9.2";;"TECHNOLOGY";"TECHNOLOGIE";"TECHNOLOGIE";"TECHNOLOGIE";"TECHNOLOGIE";"TECNOLOGIA";"TECHNOLOGIE";"TEKNOLOJİ";"TECHNOLOGY";"TECHNOLOGIE";"teknologi";"teknik";"Technika";"technologia";"Technika";"Technika";"tehnologie"
"programme_genre/DVB/9.3";;"MEDICINE";"MÉDECINE";"GENEESKUNDE";"MEDIZIN";"MÉDECINE";"MEDICINA";"MEDIZIN";"İLAÇ";"MEDICINE";"MEDIZIN";"medisin";"medicin";"Orvostudomány";"medycyna";"Medicína";"Medicína";"medicina"
"programme_genre/DVB/9.4";;"EXPEDITIONS";"EXPÉDITIONS";"EXPEDITIES";"EXPEDITIONEN";"EXPÉDITIONS";"SPEDIZIONI";"EXPEDITIONEN";"GEZİ";"EXPEDITIONS";"EXPEDITIONEN";"ekspedisjoner";"expeditioner";"Expedíció";"wyprawy";"Expedice";"Expedície";"expeditii"
"programme_genre/DVB/9.5";;"SOCIAL SCIENCE";"SOCIAL";"SOCIOLOGIE";"SOZIALES";"SOCIAL";"SOCIALE";"SOZIALES";"SOSYAL BİLİM";"SOCIAL SCIENCE";"SOZIALES";"sosiologi";"samhällsprogram";"Társadalomtudomány";"nauki społeczne";"Společenské vědy";"Spoločenské vedy";"stiinta sociala"
"programme_genre/DVB/9.6";;"FURTHER EDUCATION";"FORMATION CONTINUE";"EDUCATIE DIVERS";"FORTBILDUNG";"FORMATION CONTINUE";"FORMAZIONE";"FORTBILDUNG";"YÜKSEK ÖĞRENİM";"FURTHER EDUCATION";"WEITERBILDUNG";"videreutdanning";"vidareutbildning";"Továbbtanulás";"dokształcanie";"Ďalší vzdělávání";"Ďalšie vzdelávanie";"educatie diversa"
"programme_genre/DVB/9.7";;"LANGUAGES";"LANGUES";"TALEN";"SPRACHEN";"LANGUES";"LINGUE";"SPRACHEN";"DİLLER";"LANGUAGES";"SPRACHEN";"språk";"språk";"Nyelvlecke";"kursy językowe";"Jazykové kurzy";"Jazykové kurzy";"lingvistica"
"programme_genre/DVB/9.8";;"PERSONAL DEVELOPMENT";;"PERSOONLIJKE ONTWIKKELING";"PERSÖNLICHKEITSENTWICKLUNG";"DÉVELOPPEMENT PERSONNEL";"SVILUPPO PERSONALE";"PERSÖNLICHKEITSENTWICKLUNG";"KİŞİSEL GELİŞİM";"PERSONAL DEVELOPMENT";" ";" ";" ";" ";" ";" ";" ";" "
"programme_genre/DVB/9.9";;"OLDIES";;"GOUDEN OUDE";"OLDIES";"VIEUX TUBES";"OLDIES";"OLDIES";"NOSTALJİ";"OLDIES";" ";" ";" ";" ";" ";" ";" ";" "
"programme_genre/DVB/9.10";;"1960'S";;"JAREN '60";"60IES";"ANNÉES 60";"ANNI '60";"60IES";"1960'LAR";"1960'S";" ";" ";" ";" ";" ";" ";" ";" "
"programme_genre/DVB/9.11";;"1970'S";;"JAREN '70";"70IES";"ANNÉES 70";"ANNI '70";"70IES";"1970'LER";"1970'S";" ";" ";" ";" ";" ";" ";" ";" "
"programme_genre/DVB/9.12";;"1980'S";;"JAREN '80";"80IES";"ANNÉES 80";"ANNI '80";"80IES";"1980'LER";"1980'S";" ";" ";" ";" ";" ";" ";" ";" "
"programme_genre/DVB/9.13";;"1990'S";;"JAREN '90";"90IES";"ANNÉES 90";"ANNI '90";"90IES";"1990'LAR";"1990'S";" ";" ";" ";" ";" ";" ";" ";" "
"programme_genre/DVB/9.14";;"2000'S";;"JAREN '2000";"2000'S";"ANNÉES 2000";"2000";"2000'S";"2000'LER";"2000'S";" ";" ";" ";" ";" ";" ";" ";" "
"programme_genre/DVB/9.15";;"MILITARY";;"MILITAIR";"MILITÄR";"MILITAIRE";"MILITARE";"MILITÄR";"ASKERİ";"MILITARY";"MILITÄR";"militæret";"militärt";"Katonai";"wojsko";"Vojenský";"Vojenský";"militar"
"programme_genre/DVB/10.0";;"LEISURE";"LOISIRS";"VRIJE TIJD";"FREIZEIT";"LOISIRS";"TEMPO LIBERO";"FREIZEIT";"EĞLENCE";"LEISURE";"FREIZEIT";"fritid";"fritid";"Szabadidő";"czas wolny";"Volný čas";"Voľný čas";"relaxare"
"programme_genre/DVB/10.1";;"TRAVEL";"VOYAGES";"REIZEN";"REISEN";"VOYAGES";"VIAGGI";"REISEN";"SEYAHAT";"TRAVEL";"REISEN";"reiser/turisme";"turism/resor";"Utazás";"podróże";"Cestování";"Cestovanie";"calatorii"
"programme_genre/DVB/10.2";;"HANDICRAFT";"BRICOLAGE";"KLUSSEN";"HEIMWERKEN";"BRICOLAGE";"ARTIGIANATO";"HEIMWERKEN";"ZANAAT";"HANDICRAFT";"HEIMWERKEN";"brukskunst";"hantverk";"Kézműipar";"majsterkowanie";"Ruční práce";"Ručné práce";"bricolaj"
"programme_genre/DVB/10.3";;"MOTORING";"AUTOMOBILE";"AUTO EN MOTOR";"RUND UMS AUTO";"AUTOMOBILE";"TUTTO SULL'AUTO";"RUND UMS AUTO";"SÜRÜCÜLÜK";"MOTORING";"RUND UMS AUTO";"motor";"motorsport";"Autó-motor";"motoryzacja";"Motorismus";"Motorizmus";"motoare"
"programme_genre/DVB/10.4";;"HEALTH";"SANTÉ";"GEZONDHEID";"GESUNDHEIT";"SANTÉ";"SALUTE";"GESUNDHEIT";"SAĞLIK";"HEALTH";"GESUNDHEIT";"helse/velvære";"fitness/hälsa";"Egészség";"zdrowie";"Zdraví";"Zdravie";"sanatate"
"programme_genre/DVB/10.5";;"COOKING";"CUISINE";"KOKEN";"KOCHEN";"CUISINE";"CUCINA";"KOCHEN";"AŞÇILIK";"COOKING";"KOCHEN";"mat";"matlagning";"Főzőműsor";"gotowanie";"Vaření";"Varenie";"culinar"
"programme_genre/DVB/10.6";;"SHOPPING";"SHOPPING";"SHOPPEN";"SHOPPING";"SHOPPING";"SHOPPING";"SHOPPING";"ALIŞVERİŞ";"SHOPPING";"SHOPPING";"shopping";"shopping";"Tévéshop";"zakupy";"Teleshoping";"Teleshoping";"cumparaturi"
"programme_genre/DVB/10.7";;"GARDENING";"JARDINAGE";"TUINIEREN";"GARTEN";"JARDINAGE";"GIARDINAGGIO";"GARTEN";"BAHÇE BAKIMI";"GARDENING";"GARTEN";"hage";"trädgård";"Kertészet";"ogrodnictwo";"Zahrada";"Záhrada";"gradinarit"
"programme_genre/DVB/10.8";;"BEAUTY";;"BEAUTY";"SCHÖNHEIT";"BEAUTÉ";"BELLEZZA";"SCHÖNHEIT";"GÜZELLİK";"BEAUTY";" ";" ";" ";" ";" ";" ";" ";" "
"programme_genre/DVB/10.9";;"HOBBY";;"HOBBY";"HOBBY";"HOBBY";"HOBBY";"HOBBY";"HOBİ";"HOBBY";" ";" ";" ";" ";" ";" ";" ";" "
"programme_genre/DVB/10.10";;"HOME";;"HUIS";"WOHNEN";"MAISON";"CASA";"WOHNEN";"EV";"HOME";" ";" ";" ";" ";" ";" ";" ";" "
"programme_genre/DVB/10.11";;"REGGAE";;"REGGAE";"REGGAE";"REGGAE";"REGGAE";"REGGAE";"REGGAE";"REGGAE";" ";" ";" ";" ";" ";" ";" ";" "
"programme_genre/DVB/10.12";;"COMEDY/ACTION ";;"KOMEDIE/ACTIE";"KOMÖDIE/ACTION";"COMÉDIE/ACTION";"COMMEDIA/AZIONE";"KOMÖDIE/ACTION";"KOMEDİ/AKSİYON ";"COMEDY/ACTION ";" ";" ";" ";" ";" ";" ";" ";" "
"programme_genre/DVB/10.13";;"THRILLER/ACTION";;"THRILLER/ACTIE";"THRILLER/ACTION";"THRILLER/ACTION";"THRILLER/AZIONE";"THRILLER/ACTION";"POLİSİYE/AKSİYON";"THRILLER/ACTION";" ";" ";" ";" ";" ";" ";" ";" "
"programme_genre/DVB/10.14";;"THRILLER/DRAMA";;"THRILLER/DRAMA";"THRILLER/DRAMA";"THRILLER/DRAME";"THRILLER/DRAMMATICO";"THRILLER/DRAMA";"POLİSİYE/DRAM";"THRILLER/DRAMA";" ";" ";" ";" ";" ";" ";" ";" "
"programme_genre/DVB/10.15";;"LIFESTYLE";;"LIFESTYLE";"LIFESTYLE";"LIFESTYLE";"LIFESTYLE";"LIFESTYLE";"YAŞAM TARZI";"LIFESTYLE";"LIFESTYLE";"livsstil";"livsstil";"Életmód";"styl życia";"Životní styl";"Životný štýl";"Stil de viata"
"programme_genre/DVB/11.0";;"SPECIAL";"SPÉCIAL";"SPECIAL";"SPECIALS";"SPÉCIAL";"SERVIZI SPECIALI";"SPECIALS";"ÖZEL";"SPECIAL";"ORIGINALTON";"originalspråk";"orginalspråk";"Eredeti nyelven";"oryginalna wersja językowa";"V původním znění";"V pôvodnom znení";"limba originala"
"programme_genre/DVB/11.1";;"BLACK & WHITE";;"ZWART EN WIT";"SCHWARZ/WEISS";"NOIR ET BLANC";"BIANCO E NERO";"SCHWARZ/WEISS";"SİYAH BEYAZ";"BLACK & WHITE";"SCHWARZ/WEISS";"svart/hvitt";"svartvit";"Fekete-fehér";"czarno-białe";"Černobílé";"Čiernobiele";"alb & negru"
"programme_genre/DVB/11.2";;"UNPUBLISHED";;"ONGEPUBLICEERD";"UNVERÖFFENTLICHT";"NON PUBLIÉ";"INEDITO";"UNVERÖFFENTLICHT";"YAYINLANMAMIŞ";"UNPUBLISHED";"UNVERÖFFENTLICHT";"upublisert";"opublicerat";"Nincs info";"niepublikowane";"Neuvěřejněno";"Neuverejnené";"nepublicat"
"programme_genre/DVB/11.3";;"LIVE BROADCAST";;"LIVE";"LIVE";"EN DIRECT";"LIVE";"LIVE";"CANLI YAYIN";"LIVE BROADCAST";"LIVE SHOWS";"direktesending";"direktsändning";"Élő adás";"na żywo";"Živé vysílání";"Živé vysielanie";"in direct"
"programme_genre/DVB/11.4";;"ARTS & CRAFTS";;"ARTS & CRAFTS";"KUNSTHANDWERK";"ARTISANAT";"ARTE E ARTIGIANATO";"KUNSTHANDWERK";"SANAT VE EL ESERLERİ";"ARTS & CRAFTS";" ";" ";" ";" ";" ";" ";" ";" "
"programme_genre/DVB/11.5";;"NEW WAVE";;"NEW WAVE";"NEW WAVE";"NEW WAVE";"NEW WAVE";"NEW WAVE";"NEW WAVE";"NEW WAVE";" ";" ";" ";" ";" ";" ";" ";" "
"programme_genre/DVB/11.6";;"DISCO";;"DISCO";"DISCO";"DISCO";"DISCO";"DISCO";"DISCO";"DISCO";" ";" ";" ";" ";" ";" ";" ";" "
"programme_genre/DVB/11.7";;"PUNK";;"PUNK";"PUNK";"PUNK";"PUNK";"PUNK";"PUNK";"PUNK";" ";" ";" ";" ";" ";" ";" ";" "
"programme_genre/DVB/11.8";;"HOUSE";;"HOUSE";"HOUSE";"HOUSE";"HOUSE";"HOUSE";"HOUSE";"HOUSE";" ";" ";" ";" ";" ";" ";" ";" "
"programme_genre/DVB/11.9";;"HEAVY METAL";;"HEAVY METAL";"HEAVY METAL";"HEAVY METAL";"HEAVY METAL";"HEAVY METAL";"HEAVY METAL";"HEAVY METAL";" ";" ";" ";" ";" ";" ";" ";" "
"programme_genre/DVB/11.10";;"TECHNO";;"TECHNO";"TECHNO";"TECHNO";"TECHNO";"TECHNO";"TECHNO";"TECHNO";" ";" ";" ";" ";" ";" ";" ";" "
"programme_genre/DVB/11.11";;"TOP TEN";;"TOP TIEN";"TOP TEN";"TOP TEN";"TOP TEN";"TOP TEN";"TOP TEN";"TOP TEN";" ";" ";" ";" ";" ";" ";" ";" "
"programme_genre/DVB/11.12";;"CHARTS";;"CHARTS";"CHARTS";"HIT PARADES";"CLASSIFICHE";"CHARTS";"LİSTELER";"CHARTS";" ";" ";" ";" ";" ";" ";" ";" "
"programme_genre/DVB/11.13";;"HITS";;"HITS";"HITS";"HITS";"HIT";"HITS";"HİT'LER";"HITS";" ";" ";" ";" ";" ";" ";" ";" "
"programme_genre/DVB/11.14";;"COMPILATION";;"COMPILATIE";"COMPILATION";"COMPILATION";"COMPILATION";"COMPILATION";"TOPLAMA";"COMPILATION";" ";" ";" ";" ";" ";" ";" ";" "
"programme_genre/DVB/11.15";;"SHORTS";;"SHORTS";"SHORTS";"COURTS-MÉTRAGES";"CORTOMETRAGGI";"SHORTS";"KISA FİLMLER";"SHORTS";"SHORTS";"kortversjoner";"kortfilmer";;"skróty";;;"fragmente"
"programme_genre/DVB/12.0";;"ENTERTAINMENT";;"ENTERTAINMENT";"UNTERHALTUNG";"DIVERTISSEMENTS";"INTRATTENIMENTO";"UNTERHALTUNG";"EĞLENCE";"ENTERTAINMENT";" ";" ";" ";" ";" ";" ";" ";" "
"programme_genre/DVB/12.1";;"NEW MOVIE";;"NIEUWE FILM";"NEUE FILME";"NOUVEAUX FILMS";"NUOVI FILM";"NEUE FILME";"YENİ FİLM";"NEW MOVIE";" ";" ";" ";" ";" ";" ";" ";" "
"programme_genre/DVB/12.2";;"LIBRARY MOVIE";;"LIBRARY FILM";"KLASSIKER";"CLASSIQUES";"CLASSICO";"KLASSIKER";"KÜTÜPHANE FİLMİ";"LIBRARY MOVIE";" ";" ";" ";" ";" ";" ";" ";" "
"programme_genre/DVB/12.3";;"VIDEO CLUB";;"VIDEO CLUB";"VIDEO CLUB";"VIDÉO CLUB";"VIDEO CLUB";"VIDEO CLUB";"VİDEO KULÜBÜ";"VIDEO CLUB";" ";" ";" ";" ";" ";" ";" ";" "
"programme_genre/DVB/12.4";;"INSTANT VIDEO";;"INSTANT VIDEO";"INSTANT VIDEO";"INSTANT VIDÉO";"INSTANT VIDEO";"INSTANT VIDEO";"ANINDA VİDEO";"INSTANT VIDEO";" ";" ";" ";" ";" ";" ";" ";" "
"programme_genre/DVB/12.5";;"CINEMA";;"BIOSCOOP";"KINO";"CINÉMA";"CINEMA";"KINO";"SİNEMA";"CINEMA";" ";" ";" ";" ";" ";" ";" ";" "
"programme_genre/DVB/12.6";;"GAME";;"GAME";"SPIELE";"JEUX";"GIOCHI";"SPIELE";"OYUN";"GAME";" ";" ";" ";" ";" ";" ";" ";" "
"programme_genre/DVB/12.7";;"SERIES";;"SERIE";"SERIE";"SÉRIE";"SERIE";"SERIE";"DİZİLER";"SERIES";" ";" ";" ";" ";" ";" ";" ";" "
"programme_genre/DVB/12.8";;"TV MOVIE";;"TV FILM";"TV FILM";"TÉLÉFILM";"FILM TV";"TV FILM";"TV FİLMİ";"TV MOVIE";"TV FILM";"tv-film";"tv-film";;"film TV";;;"film TV"
"programme_genre/DVB/12.9";;"TV SERIES";;"TV SERIE";"TV SERIE";"SÉRIE TÉLÉVISÉE";"SERIE TV";"TV SERIE";"TV DİZİLERİ";"TV SERIES";" ";" ";" ";" ";" ";" ";" ";" "
"programme_genre/DVB/12.10";;"TRAILER";;"TRAILER";"TRAILER";"BANDE ANNONCE";"TRAILER";"TRAILER";"TANITIM FİLMİ";"TRAILER";" ";" ";" ";" ";" ";" ";" ";" "
"programme_genre/DVB/12.11";;"MAKING OF";;"MAKING OF";"MAKING OF";"MAKING OF";"MAKING OF";"MAKING OF";"YAPIMI";"MAKING OF";" ";" ";" ";" ";" ";" ";" ";" "
"programme_genre/DVB/12.12";;"EUROPEAN CINEMA";;"EUROPESE CINEMA";"EUROPÄISCHES KINO";"CINÉMA EUROPÉEN";"CINEMA EUROPEO";"EUROPÄISCHES KINO";"AVRUPA SİNEMASI";"EUROPEAN CINEMA";" ";" ";" ";" ";" ";" ";" ";" "
"programme_genre/DVB/12.13";;"BOLLYWOOD";;"BOLLYWOOD";"BOLLYWOOD";"BOLLYWOOD";"BOLLYWOOD";"BOLLYWOOD";"BOLLYWOOD";"BOLLYWOOD";" ";" ";" ";" ";" ";" ";" ";" "
"programme_genre/DVB/12.14";;"PREVIEW";;"PREVIEW";"VORSCHAU";"AVANT-PREMIÈRE";"ANTEPRIMA";"VORSCHAU";"TANITIM";"PREVIEW";" ";" ";" ";" ";" ";" ";" ";" "
"programme_genre/DVB/12.15";;"SPECIAL";;"SPECIAL";"SPEZIAL";"SPÉCIAL";"SPECIAL";"SPEZIAL";"ÖZEL";"SPECIAL";" ";" ";" ";" ";" ";" ";" ";" "
"programme_genre/DVB/13.0";;"OTHER";;"OVERIG";"ANDERE";"AUTRES";"ALTRO";"ANDERE";"DİĞER";"OTHER";" ";" ";" ";" ";" ";" ";" ";" "
"programme_genre/DVB/13.1";;"PREMIUM";;"PREMIUM";"PREMIUM";"PREMIUM";"PREMIUM";"PREMIUM";"PRÖMİYER";"PREMIUM";" ";" ";" ";" ";" ";" ";" ";" "
"programme_genre/DVB/13.2";;"SPECIAL OFFER";;"SPECIALE AANBIEDING";"SPEZIELLES ANGEBOT";"OFFRE SPÉCIALE";"OFFERTA SPECIALE";"SPEZIELLES ANGEBOT";"ÖZEL TEKLİF";"SPECIAL OFFER";" ";" ";" ";" ";" ";" ";" ";" "
"programme_genre/DVB/13.3";;"A-Z";;"A-Z";"A-Z";"A-Z";"A-Z";"A-Z";"A-Z";"A-Z";" ";" ";" ";" ";" ";" ";" ";" "
"programme_genre/DVB/13.4";;"SUSPENSE";;"SPANNING";"SPANNUNG";"SUSPENSE";"SUSPENCE";"SPANNUNG";"ASKIDA";"SUSPENSE";" ";" ";" ";" ";" ";" ";" ";" "
"programme_genre/DVB/13.5";;"REALITY";;"REALITY";"REALITY";"RÉALITÉ";"REALITY";"REALITY";"REALITY";"REALITY";" ";" ";" ";" ";" ";" ";" ";" "
"programme_genre/DVB/13.6";;"SUPER CONTENT";;"SUPER CONTENT";"SUPER CONTENT";"SUPER CONTENT";"SUPER CONTENUTO";"SUPER CONTENT";"SÜPER İÇERİK";"SUPER CONTENT";" ";" ";" ";" ";" ";" ";" ";" "
"programme_genre/DVB/13.7";;"SUBSCRIPTION";;"ABONNEMENT";"ABO";"ABONNEMENT";"ABBONAMENTO";"ABO";"ABONELİK";"SUBSCRIPTION";" ";" ";" ";" ";" ";" ";" ";" "
"programme_genre/DVB/13.8";;"HELP";;"HELP";"HILFE";"AIDE";"AIUTO";"HILFE";"YARDIM";"HELP";" ";" ";" ";" ";" ";" ";" ";" "
"programme_genre/DVB/13.9";;"THRILLER/HORROR";;"THRILLER/HORROR";"THRILLER/HORROR";"THRILLER/HORREUR";"THRILLER/HORROR";"THRILLER/HORROR";"POLİSİYE/KORKU";"THRILLER/HORROR";" ";" ";" ";" ";" ";" ";" ";" "
"programme_genre/DVB/13.10";;"SCI-FI/ACTION";;"SCI-FI/ACTIE";"SCI-FI/ACTION";"SCI-FI/ACTION";"FANTASCIENZA/AZIONE";"SCI-FI/ACTION";"BİLİM KURGU/AKSİYON";"SCI-FI/ACTION";" ";" ";" ";" ";" ";" ";" ";" "
"programme_genre/DVB/13.11";;"FAMILY/ANIMATION";;"FAMILIE/ANIMATIE";"FAMILIE/ZEICHENTRICK";"FAMILLE/DESSIN ANIMÉ";"FAMIGLIA/CARTONI AMIMATI";"FAMILIE/ZEICHENTRICK";"AİLE/ANİMASYON";"FAMILY/ANIMATION";" ";" ";" ";" ";" ";" ";" ";" "
"programme_genre/DVB/13.12";;"FAMILY/COMEDY";;"FAMILIE/KOMEDIE";"FAMILIE/KOMÖDIE";"FAMILLE/COMÉDIE";"FAMIGLIA/COMMEDIA";"FAMILIE/KOMÖDIE";"AİLE/KOMEDİ";"FAMILY/COMEDY";" ";" ";" ";" ";" ";" ";" ";" "
"programme_genre/DVB/13.13";;"DRAMA/ROMANCE ";;"DRAMA/ROMANTIEK ";"DRAMA/ROMANCE";"DRAME/AMOUR";"DRAMMATICO/SENTIMENTALE";"DRAMA/ROMANCE";"DRAM/ROMANTİK ";"DRAMA/ROMANCE ";" ";" ";" ";" ";" ";" ";" ";" "
"programme_genre/DVB/13.14";;"DRAMA/COMEDY";;"DRAMA/KOMEDIE";"DRAMA/KOMÖDIE";"DRAME/COMÉDIE";"DRAMMATICO/COMMEDIA";"DRAMA/KOMÖDIE";"DRAM/KOMEDİ";"DRAMA/COMEDY";" ";" ";" ";" ";" ";" ";" ";" "
"programme_genre/DVB/13.15";;"FANTASY/ADVENTURE";;"FANTASIE/AVONTUUR";"FANTASY/ABENTEUER";"FANTASTIQUE/AVENTURE";"FANTASTICO/AVVENTURA";"FANTASY/ABENTEUER";"FANTEZİ/MACERA";"FANTASY/ADVENTURE";" ";" ";" ";" ";" ";" ";" ";" "
"programme_genre/DVB/14.0";;"DRAMA";;"DRAMA";"DRAMA";"DRAME";"DRAMMATICO";"DRAMA";"DRAM";"DRAMA";"DRAMA";"drama";"drama";"Dráma";"dramat";"Drama";"Dráma";"drama"
"programme_genre/DVB/14.1";;"THRILLER";;"THRILLER";"THRILLER";"THRILLER";"THRILLER";"THRILLER";"POLİSİYE";"THRILLER";"THRILLER";"thriller";"thriller";"Thriller";"thriller";"Thriller";"Thriller";"thriller"
"programme_genre/DVB/14.2";;"ACTION";;"ACTIE";"ACTION";"ACTION";"AZIONE";"ACTION";"AKSİYON";"ACTION";"ACTION";"action";"action";"Akció";"akcja";"Akční film";"Akčný film";"actiune"
"programme_genre/DVB/14.3";;"SCI-FI/HORROR";;"SCI-FI/HORROR";"SCI-FI/HORROR";"SCI-FI/HORREUR";"FANTASCIENZA/HORROR";"SCI-FI/HORROR";"BİLİM KURGU/KORKU";"SCI-FI/HORROR";"SCI-FI/HORROR";"sci-fi/skrekk";"sci-fi/skräck";"Sci-fi/Horror";"sci-fi/horror";"Sci-fi/Horor";"Sci-fi/Horor";"sci-fi/groaza"
"programme_genre/DVB/14.4";;"COMEDY";;"KOMEDIE";"KOMÖDIE";"COMÉDIE";"COMMEDIA";"KOMÖDIE";"KOMEDİ";"COMEDY";"KOMÖDIE";"komedier";"komedi";"Vígjáték";"komedia";"Komedie";"Komédia";"comedie"
"programme_genre/DVB/14.5";;"MELODRAMA";;"MELODRAMA";"MELODRAM";"MÉLODRAME";"MELODRAMMA";"MELODRAM";"MELODRAM";"MELODRAMA";"HEIMATFILM";"serier";"såpopera";"Melodráma";"melodramat";"Melodrama";"Melodráma";"melodrama"
"programme_genre/DVB/14.6";;"ROMANCE";;"ROMANTISCH";"LIEBESFILM";"FILM D'AMOUR";"FILM D'AMORE";"LIEBESFILM";"ROMANTİK";"ROMANCE";"ROMANCE/DRAMA";"romantikk";"kärlek";"Romantikus film";"obyczajowy";"Romantika";"Romantika";"romantic"
"programme_genre/DVB/14.7";;"PERIOD";;"HISTORISCH";"HISTORIENFILM";"FILM HISTORIQUE";"FILM STORICO";"HISTORIENFILM";"DÖNEM";"PERIOD";"HISTORIENFILM";"historie";"historia";"Kosztümös film";"historyczny";"Historický film";"Historický film";"perioada"
"programme_genre/DVB/14.8";;"FACTUAL";;"WAAR GEBEURD";"WISSEN";"SAVOIR";"CULTURA";"WISSEN";"GERÇEK";"FACTUAL";"REALITY";"fakta";"fakta";"Valóságon alapuló";"oparte na faktach";"Podle skutečnosti";"Podľa skutočnosti";"fapte reale"
"programme_genre/DVB/14.9";;"CRIME";;"DETECTIVE";"KRIMI";"POLICIER";"POLIZIESCO";"KRIMI";"SUÇ";"CRIME";"KRIMI";"krim";"serier";"Krimi";"kryminał";"Detektivka";"Detektívka";"crima"
"programme_genre/DVB/14.10";;"SERIES";;"SERIE";"SERIE";"SÉRIE";"SERIE";"SERIE";"DİZİLER";"SERIES";" ";" ";" ";" ";" ";" ";" ";" "
"programme_genre/DVB/14.11";;"ADVENTURE/FANTASY";;"AVONTUUR/FANTASIE";"ABENTEUER/FANTASY";"AVENTURE/FANTASTIQUE";"AVVENTURA/FANTASTICO";"ABENTEUER/FANTASY";"MACERA/FANTEZİ";"ADVENTURE/FANTASY";" ";" ";" ";" ";" ";" ";" ";" "
"programme_genre/DVB/14.12";;"ADVENTURE/WAR";;"AVONTUUR/OORLOG";"ABENTEUER/KRIEG";"AVENTURE/GUERRE";"AVVENTURA/GUERRA";"ABENTEUER/KRIEG";"MACERA/SAVAŞ";"ADVENTURE/WAR";" ";" ";" ";" ";" ";" ";" ";" "
"programme_genre/DVB/14.13";;"DRAMA/WAR";;"DRAMA/OORLOG";"DRAMA/KRIEG";"DRAME/GUERRE";"DRAMMATICO/GUERRA";"DRAMA/KRIEG";"DRAM/SAVAŞ";"DRAMA/WAR";" ";" ";" ";" ";" ";" ";" ";" "
"programme_genre/DVB/14.14";;"ROMANCE/DRAMA";;"ROMANTIEK/DRAMA";"ROMANCE/DRAMA";"AMOUR/DRAME";"SENTIMENTALE/DRAMMATICO";"ROMANCE/DRAMA";"ROMANTİK/DRAM";"ROMANCE/DRAMA";" ";" ";" ";" ";" ";" ";" ";" "
"programme_genre/DVB/14.15";;"DRAMA";;"DRAMA";"DRAMA";"DRAME";"DRAMMATICO";"DRAMA";"DRAM";"DRAMA";" ";" ";" ";" ";" ";" ";" ";" "
"programme_genre/DVB/15.0";"X";"ADULT";;"EROTIEK";"EROTIK";"EROTIQUE";"EROTICO";"EROTIK";"EROTİK";"ADULT";"EROTIK";"erotikk";"erotik";"Erotika";"erotyka";"Erotika";"Erotika";"adult"
"programme_genre/DVB/15.1";"X";"EUROPE XXX";;"EUROPE XXX";"EUROPA XXX";"EUROPE XXX";"EUROPA XXX";"EUROPA XXX";"AVRUPA XXX";"EUROPE XXX";"EUROPA XXX";"Europa XXX";"Europe XXX";"Európa XXX";"Europe XXX";"Európa XXX";"Európa XXX";"Europa XXX"
"programme_genre/DVB/15.2";"X";"US GLAMOUR";;"U.S. GLAMOUR";"US GLAMOUR";"US GLAMOUR";"US GLAMOUR";"US GLAMOUR";"US GLAMOUR";"US GLAMOUR";"US GLAMOUR";"US Glamour";"US Glamour";"US Glamour";"US Glamour";"US Glamour";"US Glamour";"US Glamour"
"programme_genre/DVB/15.3";"X";"AMATEUR";;"AMATEUR";"AMATEUR";"AMATEUR";"AMATORIALE";"AMATEUR";"AMATÖR";"AMATEUR";"AMATEUR";"Amateur";"Amateur";"Amatőr";"amatorskie";"Amatérský";"Amatérsky";"amator"
"programme_genre/DVB/15.4";"X";"GAY";;"GAY";"GAY";"GAY";"GAY";"GAY";"GAY";"GAY";"GAY";"Gay";"Gay";"Meleg";"gay";"Homosexuální";"Homosexuálny";"homosexual"
"programme_genre/DVB/15.5";"X";"SPECIAL DESIRES";;"SPECIAL";"SPEZIELLES";"SPÉCIAL";"SPECIALE";"SPEZIELLES";"ÖZEL TUTKULAR";"SPECIAL DESIRES";"SPEZIELLES";"Special Desires";"Special Desires";"Különleges vágyak";"wyjątkowe pragnienia";"Speciální touhy";"Špeciálne túžby";"dorinte speciale"
"programme_genre/DVB/15.6";"X";"DATING";;"DATING";"DATING";"RENCONTRES";"DATING";"DATING";"RANDEVU";"DATING";" ";" ";" ";" ";" ";" ";" ";" "
"programme_genre/DVB/15.7";"X";"CLIPS";;"CLIPS";"CLIPS";"CLIPS";"VIDEOCLIP";"CLIPS";"KLİPLER";"CLIPS";" ";" ";" ";" ";" ";" ";" ";" "
"programme_genre/DVB/15.8";"X";"LIVE SEX";;"LIVE SEKS";"LIVE SEX";"LIVE SEX";"LIVE SEX";"LIVE SEX";"CANLI SEKS";"LIVE SEX";" ";" ";" ";" ";" ";" ";" ";" "
"programme_genre/DVB/15.9";"X";"MERCHANDISE";;"MERCHANDISE";"MERCHANDISE";"MERCHANDISING";"MERCHANDISE";"MERCHANDISE";"ÜRÜN";"MERCHANDISE";" ";" ";" ";" ";" ";" ";" ";" "
"programme_genre/DVB/15.10";"X";"XOTIX";;"XOTIX";"XOTIX";"XOTIX";"XOTIX";"XOTIX";"XOTIX";"XOTIX";" ";" ";" ";" ";" ";" ";" ";" "
"programme_genre/DVB/15.11";"X";"ROUGH & READY";;"ROUGH & READY";"ROUGH & READY";"ROUGH & READY";"ROUGH & READY";"ROUGH & READY";"SERT VE HAZIR";"ROUGH & READY";" ";" ";" ";" ";" ";" ";" ";" "
"programme_genre/DVB/15.12";"X";"S&M";;"S&M";"SM";"SM";"SM";"SM";"S&M";"S&M";" ";" ";" ";" ";" ";" ";" ";" "
"programme_genre/DVB/15.13";"X";"EBONY";;"DONKER";"EXOTISCH ";"EXOTIQUE";"ESOTICO ";"EXOTISCH ";"SİYAHİ";"EBONY";" ";" ";" ";" ";" ";" ";" ";" "
"programme_genre/DVB/15.14";"X";"MATURE";;"RIJP";"REIF";"MÛRE";"MATURO";"REIF";"OLGUN";"MATURE";" ";" ";" ";" ";" ";" ";" ";" "
"programme_genre/DVB/15.15";"X";"FETISH";;"FETISH";"FETISCH";"FÉTICHISTE";"FETICISTA";"FETISCH";"FETİŞ";"FETISH";" ";" ";" ";" ";" ";" ";" ";" "
