"ui_resources";"1.0";;;;;;;;;;;;
# version : 2.0.1
"object_id";"text[eng]:label";"text[fre]:label";"text[ger]:label";"text[ita]:label";"text[spa]:label";"text[dut]:label";"text[pol]:label";"text[hun]:label";"text[rum]:label";"text[cze]:label";"text[slo]:label";"text[und]:label";"text[tur]:label";"file:icon"
"language/ang";"ORIGINAL";"ORIGINALE";"ORIGINAL";"ORIGINALE";"ORIGINAL";"ORIGINEEL";"ORYGINALNY";"EREDETI";"ORIGINAL";"ORIGINÁLNÍ";"ORIGINÁL";"ORIGINAL";"ORÍJÍNAL";"icon/ov.png"
"language/qaa";"ORIGINAL";"ORIGINALE";"ORIGINAL";"ORIGINALE";"ORIGINAL";"ORIGINEEL";"ORYGINALNY";"EREDETI";"ORIGINAL";"ORIGINÁLNÍ";"ORIGINÁL";"ORIGINAL";"ORÍJÍNAL";"icon/ov.png"
"language/eng";"ENGLISH";"ENGLISH";"ENGLISH";"ENGLISH";"ENGLISH";"ENGLISH";"ENGLISH";"ENGLISH";"ENGLISH";"ENGLISH";"ENGLISH";"ENGLISH";"ENGLISH";"icon/eng.png"
"language/dut";"NEDERLANDS";"NEDERLANDS";"NEDERLANDS";"NEDERLANDS";"NEDERLANDS";"NEDERLANDS";"NEDERLANDS";"NEDERLANDS";"NEDERLANDS";"NEDERLANDS";"NEDERLANDS";"NEDERLANDS";"NEDERLANDS";"icon/nld.png"
"language/nld";"NEDERLANDS";"NEDERLANDS";"NEDERLANDS";"NEDERLANDS";"NEDERLANDS";"NEDERLANDS";"NEDERLANDS";"NEDERLANDS";"NEDERLANDS";"NEDERLANDS";"NEDERLANDS";"NEDERLANDS";"NEDERLANDS";"icon/nld.png"
"language/ger";"DEUTSCH";"DEUTSCH";"DEUTSCH";"DEUTSCH";"DEUTSCH";"DEUTSCH";"DEUTSCH";"DEUTSCH";"DEUTSCH";"DEUTSCH";"DEUTSCH";"DEUTSCH";"DEUTSCH";"icon/ger.png"
"language/deu";"DEUTSCH";"DEUTSCH";"DEUTSCH";"DEUTSCH";"DEUTSCH";"DEUTSCH";"DEUTSCH";"DEUTSCH";"DEUTSCH";"DEUTSCH";"DEUTSCH";"DEUTSCH";"DEUTSCH";"icon/ger.png"
"language/nor";"NORSK";"NORSK";"NORSK";"NORSK";"NORSK";"NORSK";"NORSK";"NORSK";"NORSK";"NORSK";"NORSK";"NORSK";"NORSK";"icon/nor.png"
"language/swe";"SVENSKA";"SVENSKA";"SVENSKA";"SVENSKA";"SVENSKA";"SVENSKA";"SVENSKA";"SVENSKA";"SVENSKA";"SVENSKA";"SVENSKA";"SVENSKA";"SVENSKA";"icon/swe.png"
"language/fre";"FRANÇAIS";"FRANÇAIS";"FRANÇAIS";"FRANÇAIS";"FRANÇAIS";"FRANÇAIS";"FRANÇAIS";"FRANÇAIS";"FRANÇAIS";"FRANÇAIS";"FRANÇAIS";"FRANÇAIS";"FRANÇAIS";"icon/fre.png"
"language/fra";"FRANÇAIS";"FRANÇAIS";"FRANÇAIS";"FRANÇAIS";"FRANÇAIS";"FRANÇAIS";"FRANÇAIS";"FRANÇAIS";"FRANÇAIS";"FRANÇAIS";"FRANÇAIS";"FRANÇAIS";"FRANÇAIS";"icon/fre.png"
"language/hun";"MAGYAR";"MAGYAR";"MAGYAR";"MAGYAR";"MAGYAR";"MAGYAR";"MAGYAR";"MAGYAR";"MAGYAR";"MAGYAR";"MAGYAR";"MAGYAR";"MAGYAR";"icon/hun.png"
"language/cze";"ČESKY";"ČESKY";"ČESKY";"ČESKY";"ČESKY";"ČESKY";"ČESKY";"ČESKY";"ČESKY";"ČESKY";"ČESKY";"ČESKY";"ČESKY";"icon/cze.png"
"language/ces";"ČESKY";"ČESKY";"ČESKY";"ČESKY";"ČESKY";"ČESKY";"ČESKY";"ČESKY";"ČESKY";"ČESKY";"ČESKY";"ČESKY";"ČESKY";"icon/cze.png"
"language/tur";"TÜRKÇE ";"TÜRKÇE ";"TÜRKÇE ";"TÜRKÇE ";"TÜRKÇE ";"TÜRKÇE ";"TÜRKÇE ";"TÜRKÇE ";"TÜRKÇE ";"TÜRKÇE ";"TÜRKÇE ";"TÜRKÇE ";"TÜRKÇE";"icon/tur.png"
"language/spa";"ESPAÑOL ";"ESPAÑOL ";"ESPAÑOL ";"ESPAÑOL ";"ESPAÑOL ";"ESPAÑOL ";"ESPAÑOL ";"ESPAÑOL ";"ESPAÑOL ";"ESPAÑOL ";"ESPAÑOL ";"ESPAÑOL ";"ESPAÑOL ";"icon/spa.png"
"language/pol";"POLSKI";"POLSKI";"POLSKI";"POLSKI";"POLSKI";"POLSKI";"POLSKI";"POLSKI";"POLSKI";"POLSKI";"POLSKI";"POLSKI";"POLSKI";"icon/pol.png"
"language/rus";"RUSSIAN";"RUSSE";"RUSSISCH";"RUSSO";"RUSO";"RUSSISCH";"ROSYJSKI";"OROSZ";"RUSA";"RUSKY";"RUSKÝ";"RUSSIAN ";"RUSÇA";"icon/rus.png"
"language/dan";"DANSK ";"DANSK ";"DANSK ";"DANSK ";"DANSK ";"DANSK ";"DANSK ";"DANSK ";"DANSK ";"DANSK ";"DANSK ";"DANSK ";"DANSK ";"icon/dan.png"
"language/fin";"SUOMI ";"SUOMI ";"SUOMI ";"SUOMI ";"SUOMI ";"SUOMI ";"SUOMI ";"SUOMI ";"SUOMI ";"SUOMI ";"SUOMI ";"SUOMI ";"SUOMI ";"icon/fin.png"
"language/est";"EESTI";"EESTI";"EESTI";"EESTI";"EESTI";"EESTI";"EESTI";"EESTI";"EESTI";"EESTI";"EESTI";"EESTI";"EESTI";"icon/est.png"
"language/por";"PORTUGUÊS";"PORTUGUÊS";"PORTUGUÊS";"PORTUGUÊS";"PORTUGUÊS";"PORTUGUÊS";"PORTUGUÊS";"PORTUGUÊS";"PORTUGUÊS";"PORTUGUÊS";"PORTUGUÊS";"PORTUGUÊS";"PORTUGUÊS";"icon/por.png"
"language/slo";"SLOVENČINA";"SLOVENČINA";"SLOVENČINA";"SLOVENČINA";"SLOVENČINA";"SLOVENČINA";"SLOVENČINA";"SLOVENČINA";"SLOVENČINA";"SLOVENČINA";"SLOVENČINA";"SLOVENČINA";"SLOVENČINA";"icon/slo.png"
"language/slk";"SLOVENČINA";"SLOVENČINA";"SLOVENČINA";"SLOVENČINA";"SLOVENČINA";"SLOVENČINA";"SLOVENČINA";"SLOVENČINA";"SLOVENČINA";"SLOVENČINA";"SLOVENČINA";"SLOVENČINA";"SLOVENČINA";"icon/slo.png"
"language/rum";"ROMÂNĂ";"ROMÂNĂ";"ROMÂNĂ";"ROMÂNĂ";"ROMÂNĂ";"ROMÂNĂ";"ROMÂNĂ";"ROMÂNĂ";"ROMÂNĂ";"ROMÂNĂ";"ROMÂNĂ";"ROMÂNĂ";"ROMÂNĂ";"icon/rum.png"
"language/ron";"ROMÂNĂ";"ROMÂNĂ";"ROMÂNĂ";"ROMÂNĂ";"ROMÂNĂ";"ROMÂNĂ";"ROMÂNĂ";"ROMÂNĂ";"ROMÂNĂ";"ROMÂNĂ";"ROMÂNĂ";"ROMÂNĂ";"ROMÂNĂ";"icon/rum.png"
"language/ita";"ITALIANO";"ITALIANO";"ITALIANO";"ITALIANO";"ITALIANO";"ITALIANO";"ITALIANO";"ITALIANO";"ITALIANO";"ITALIANO";"ITALIANO";"ITALIANO";"ITALIANO";"icon/ita.png"
"language/lav";"LATVIEŠU";"LATVIEŠU";"LATVIEŠU";"LATVIEŠU";"LATVIEŠU";"LATVIEŠU";"LATVIEŠU";"LATVIEŠU";"LATVIEŠU";"LATVIEŠU";"LATVIEŠU";"LATVIEŠU";"LATVIEŠU";"icon/lav.png"
"language/lit";"LIETUVIŲ";"LIETUVIŲ";"LIETUVIŲ";"LIETUVIŲ";"LIETUVIŲ";"LIETUVIŲ";"LIETUVIŲ";"LIETUVIŲ";"LIETUVIŲ";"LIETUVIŲ";"LIETUVIŲ";"LIETUVIŲ";"LIETUVIŲ";"icon/lit.png"
"language/mlt";"MALTI";"MALTI";"MALTI";"MALTI";"MALTI";"MALTI";"MALTI";"MALTI";"MALTI";"MALTI";"MALTI";"MALTI";"MALTI";"icon/mlt.png"
"language/srp";"SERBIAN";"SERBE";"SERBISCH";"SERBO";"SERBIO";"SERVISCH";"SERBSKI";"SZERB";"SARBA";"SRBŠTINA";"SRBŠČINA";"SERBIAN";"SIRPÇA";"icon/srp.png"
"language/scc";"SERBIAN";"SERBE";"SERBISCH";"SERBO";"SERBIO";"SERVISCH";"SERBSKI";"SZERB";"SARBA";"SRBŠTINA";"SRBŠČINA";"SERBIAN";"SIRPÇA";"icon/srp.png"
"language/bos";"BOSANSKI";"BOSANSKI";"BOSANSKI";"BOSANSKI";"BOSANSKI";"BOSANSKI";"BOSANSKI";"BOSANSKI";"BOSANSKI";"BOSANSKI";"BOSANSKI";"BOSANSKI";"BOSANSKI";"icon/bos.png"
"language/hrv";"HRVATSKI";"HRVATSKI";"HRVATSKI";"HRVATSKI";"HRVATSKI";"HRVATSKI";"HRVATSKI";"HRVATSKI";"HRVATSKI";"HRVATSKI";"HRVATSKI";"HRVATSKI";"HRVATSKI";"icon/hrv.png"
"language/scr";"HRVATSKI";"HRVATSKI";"HRVATSKI";"HRVATSKI";"HRVATSKI";"HRVATSKI";"HRVATSKI";"HRVATSKI";"HRVATSKI";"HRVATSKI";"HRVATSKI";"HRVATSKI";"HRVATSKI";"icon/hrv.png"
"language/ara";"ARABIC";"ARABE";"ARABISCH";"ARABO";"ÁRABE";"ARABISCH";"ARABSKI";"ARAB";"ARABĂ";"ARABŠTINA";"ARABČINA";"ARABIC";"ARAPÇA";"icon/ara.png"
"language/heb";"HEBREW";"HÉBREU";"HEBRÄISCH";"EBRAICO";"HEBREO";"HEBREEUWS";"HEBRAJSKI";"HÉBER";"EBRAICĂ";"HEBREJŠTINA";"HEBREJČINA";"HEBREW";"ÍBRANÍCE";"icon/heb.png"
"language/urd";"URDU";"URDU";"URDU";"URDU";"URDU";"URDU";"URDU";"URDU";"URDU";"URDU";"URDU";"URDU";"URDU";"icon/urd.png"
"language/chi";"CHINESE";"CHINOIS";"CHINESISCH";"CINESE";"CHINO";"CHINEES";"CHIŃSKI";"KÍNAI";"CHINEZĂ";"ČÍNSKY";"ČÍNSKY";"CHINESE";"ÇÍNCE";"icon/chi.png"
"language/zho";"CHINESE";"CHINOIS";"CHINESISCH";"CINESE";"CHINO";"CHINEES";"CHIŃSKI";"KÍNAI";"CHINEZĂ";"ČÍNSKY";"ČÍNSKY";"CHINESE";"ÇÍNCE";"icon/chi.png"
"language/hin";"HINDI";"HINDI";"HINDI";"HINDI";"HINDI";"HINDI";"HINDI";"HINDI";"HINDI";"HINDŠTINA";"HINDČINA";"HINDI";"HÍNTÇE";"icon/hin.png"
"language/und";"UNDETERMINED";"INDÉTERMINÉ";"UNBESTIMMT";"INDETERMINATO";"INDETERMINADO";"ONBEPAALD";"NIEOKREŚLONY";"MEGHATÁROZATLAN";"NEDETERMINAT";"NEURČENÝ";"NEDOLOČENO";"UNDETERMINED";"UNDETERMINED";
"country/nld";"NETHERLANDS";"NETHERLANDS";"NETHERLANDS";"NETHERLANDS";"NETHERLANDS";"NETHERLANDS";"NETHERLANDS";"NETHERLANDS";"NETHERLANDS";"NETHERLANDS";"NETHERLANDS";"NETHERLANDS";"NETHERLANDS";
"country/che";"SWITZERLAND";"SWITZERLAND";"SWITZERLAND";"SWITZERLAND";"SWITZERLAND";"SWITZERLAND";"SWITZERLAND";"SWITZERLAND";"SWITZERLAND";"SWITZERLAND";"SWITZERLAND";"SWITZERLAND";"SWITZERLAND";
"country/pol";"POLAND";"POLAND";"POLAND";"POLAND";"POLAND";"POLAND";"POLAND";"POLAND";"POLAND";"POLAND";"POLAND";"POLAND";"POLAND";
"country/irl";"IRELAND";"IRELAND";"IRELAND";"IRELAND";"IRELAND";"IRELAND";"IRELAND";"IRELAND";"IRELAND";"IRELAND";"IRELAND";"IRELAND";"IRELAND";
"country/aut";"AUSTRIA";"AUSTRIA";"AUSTRIA";"AUSTRIA";"AUSTRIA";"AUSTRIA";"AUSTRIA";"AUSTRIA";"AUSTRIA";"AUSTRIA";"AUSTRIA";"AUSTRIA";"AUSTRIA";
"country/hun";"HUNGARY";"HUNGARY";"HUNGARY";"HUNGARY";"HUNGARY";"HUNGARY";"HUNGARY";"HUNGARY";"HUNGARY";"HUNGARY";"HUNGARY";"HUNGARY";"HUNGARY";
"country/rou";"ROMANIA";"ROMANIA";"ROMANIA";"ROMANIA";"ROMANIA";"ROMANIA";"ROMANIA";"ROMANIA";"ROMANIA";"ROMANIA";"ROMANIA";"ROMANIA";"ROMANIA";
"country/cze";"CZECH REPUBLIC";"CZECH REPUBLIC";"CZECH REPUBLIC";"CZECH REPUBLIC";"CZECH REPUBLIC";"CZECH REPUBLIC";"CZECH REPUBLIC";"CZECH REPUBLIC";"CZECH REPUBLIC";"CZECH REPUBLIC";"CZECH REPUBLIC";"CZECH REPUBLIC";"CZECH REPUBLIC";
"country/svk";"SLOVAKIA";"SLOVAKIA";"SLOVAKIA";"SLOVAKIA";"SLOVAKIA";"SLOVAKIA";"SLOVAKIA";"SLOVAKIA";"SLOVAKIA";"SLOVAKIA";"SLOVAKIA";"SLOVAKIA";"SLOVAKIA";
"country/deu";"GERMANY";"GERMANY";"GERMANY";"GERMANY";"GERMANY";"GERMANY";"GERMANY";"GERMANY";"GERMANY";"GERMANY";"GERMANY";"GERMANY";"GERMANY";